Time,ThumbTip.x,ThumbTip.y,ThumbTip.z,IndexTip.x,IndexTip.y,IndexTip.z,MiddleTip.x,MiddleTip.y,MiddleTip.z,RingTip.x,RingTip.y,RingTip.z,LittleTip.x,LittleTip.y,LittleTip.z,Dist,Speed,PalmDist,Label
0.3528,-0.1025,0.0365,0.0931,-0.0918,0.0397,0.1187,-0.0742,0.0341,0.1209,-0.0606,0.0270,0.1222,-0.0447,0.0239,0.1253,0.0398,0.000,0.0886,None
0.3852,-0.1054,0.0373,0.0898,-0.0961,0.0386,0.1149,-0.0803,0.0254,0.1137,-0.0680,0.0183,0.1150,-0.0521,0.0184,0.1210,0.0366,0.332,0.0873,None
0.4547,-0.1234,0.0134,0.0752,-0.1148,0.0080,0.1211,-0.1016,-0.0171,0.1143,-0.0882,-0.0249,0.1124,-0.0691,-0.0240,0.1219,0.0542,0.349,0.1007,None
0.4726,-0.1285,0.0027,0.0686,-0.1208,-0.0049,0.1202,-0.1074,-0.0319,0.1130,-0.0930,-0.0398,0.1103,-0.0729,-0.0389,0.1170,0.0602,0.379,0.1053,None
0.4871,-0.1321,-0.0083,0.0623,-0.1251,-0.0172,0.1166,-0.1102,-0.0442,0.1094,-0.0950,-0.0515,0.1064,-0.0746,-0.0502,0.1104,0.0632,0.211,0.1069,None
0.5007,-0.1340,-0.0164,0.0569,-0.1277,-0.0269,0.1130,-0.1114,-0.0538,0.1052,-0.0957,-0.0604,0.1024,-0.0751,-0.0585,0.1054,0.0651,0.144,0.1077,None
0.5158,-0.1359,-0.0258,0.0479,-0.1313,-0.0362,0.1077,-0.1121,-0.0639,0.0977,-0.0959,-0.0694,0.0955,-0.0757,-0.0663,0.0994,0.0670,0.138,0.1073,None
0.5297,-0.1362,-0.0340,0.0394,-0.1339,-0.0459,0.1003,-0.1124,-0.0726,0.0895,-0.0958,-0.0772,0.0878,-0.0761,-0.0732,0.0925,0.0676,0.047,0.1067,None
0.5436,-0.1350,-0.0412,0.0315,-0.1352,-0.0551,0.0926,-0.1117,-0.0807,0.0806,-0.0950,-0.0844,0.0794,-0.0755,-0.0796,0.0838,0.0671,0.098,0.1058,None
0.5577,-0.1344,-0.0472,0.0253,-0.1367,-0.0627,0.0870,-0.1112,-0.0875,0.0738,-0.0943,-0.0906,0.0730,-0.0748,-0.0850,0.0773,0.0672,0.072,0.1057,None
0.5724,-0.1321,-0.0519,0.0193,-0.1356,-0.0703,0.0801,-0.1092,-0.0936,0.0655,-0.0923,-0.0962,0.0649,-0.0731,-0.0906,0.0696,0.0664,0.186,0.1047,None
0.5858,-0.1300,-0.0548,0.0127,-0.1354,-0.0759,0.0728,-0.1078,-0.0980,0.0567,-0.0911,-0.1003,0.0564,-0.0722,-0.0947,0.0615,0.0656,0.204,0.1035,None
0.6002,-0.1291,-0.0578,0.0067,-0.1363,-0.0812,0.0673,-0.1072,-0.1026,0.0496,-0.0912,-0.1046,0.0513,-0.0716,-0.0989,0.0552,0.0658,0.129,0.1035,None
0.6137,-0.1283,-0.0583,0.0015,-0.1378,-0.0826,0.0619,-0.1076,-0.1037,0.0438,-0.0919,-0.1058,0.0461,-0.0723,-0.1001,0.0501,0.0654,0.118,0.1030,None
0.6277,-0.1277,-0.0597,-0.0036,-0.1392,-0.0852,0.0569,-0.1079,-0.1059,0.0383,-0.0921,-0.1079,0.0407,-0.0725,-0.1022,0.0452,0.0655,0.097,0.1031,None
0.6418,-0.1283,-0.0585,-0.0035,-0.1403,-0.0835,0.0573,-0.1095,-0.1047,0.0393,-0.0933,-0.1069,0.0412,-0.0735,-0.1013,0.0455,0.0658,0.094,0.1034,None
0.6559,-0.1284,-0.0581,-0.0045,-0.1410,-0.0832,0.0563,-0.1104,-0.1046,0.0388,-0.0939,-0.1069,0.0403,-0.0741,-0.1014,0.0446,0.0660,0.069,0.1036,None
0.6700,-0.1291,-0.0567,-0.0044,-0.1421,-0.0816,0.0567,-0.1130,-0.1032,0.0412,-0.0951,-0.1059,0.0408,-0.0752,-0.1006,0.0449,0.0671,0.210,0.1044,None
0.6838,-0.1303,-0.0541,-0.0039,-0.1437,-0.0783,0.0576,-0.1161,-0.1006,0.0439,-0.0977,-0.1039,0.0427,-0.0771,-0.0990,0.0459,0.0682,0.210,0.1050,None
0.6979,-0.1311,-0.0522,-0.0041,-0.1450,-0.0762,0.0576,-0.1178,-0.0989,0.0443,-0.0994,-0.1025,0.0433,-0.0785,-0.0979,0.0460,0.0686,0.077,0.1052,None
0.7115,-0.1326,-0.0484,-0.0026,-0.1469,-0.0709,0.0597,-0.1204,-0.0947,0.0466,-0.1022,-0.0988,0.0457,-0.0812,-0.0948,0.0483,0.0686,0.111,0.1052,None
0.7258,-0.1337,-0.0454,-0.0018,-0.1484,-0.0667,0.0609,-0.1225,-0.0913,0.0481,-0.1044,-0.0959,0.0472,-0.0833,-0.0924,0.0497,0.0687,0.083,0.1052,None
0.7396,-0.1342,-0.0439,-0.0016,-0.1495,-0.0642,0.0611,-0.1238,-0.0892,0.0488,-0.1058,-0.0941,0.0482,-0.0846,-0.0908,0.0508,0.0686,0.083,0.1052,None
0.7537,-0.1346,-0.0425,-0.0016,-0.1504,-0.0620,0.0610,-0.1250,-0.0874,0.0493,-0.1071,-0.0924,0.0489,-0.0859,-0.0893,0.0516,0.0685,0.069,0.1053,None
0.7694,-0.1350,-0.0414,-0.0021,-0.1514,-0.0601,0.0600,-0.1262,-0.0858,0.0491,-0.1084,-0.0910,0.0490,-0.0872,-0.0880,0.0519,0.0684,0.069,0.1053,None
0.7818,-0.1358,-0.0389,-0.0011,-0.1521,-0.0591,0.0590,-0.1271,-0.0847,0.0487,-0.1094,-0.0900,0.0488,-0.0882,-0.0872,0.0519,0.0682,0.170,0.1053,None
0.7955,-0.1367,-0.0360,0.0005,-0.1527,-0.0574,0.0588,-0.1282,-0.0832,0.0487,-0.1105,-0.0887,0.0488,-0.0894,-0.0862,0.0520,0.0680,0.148,0.1053,None
0.8098,-0.1368,-0.0353,0.0030,-0.1537,-0.0541,0.0592,-0.1299,-0.0805,0.0490,-0.1124,-0.0864,0.0490,-0.0912,-0.0844,0.0521,0.0649,0.237,0.1053,None
0.8240,-0.1366,-0.0354,0.0058,-0.1546,-0.0508,0.0596,-0.1316,-0.0777,0.0492,-0.1142,-0.0840,0.0491,-0.0930,-0.0825,0.0522,0.0608,0.308,0.1053,None
0.8376,-0.1380,-0.0295,0.0069,-0.1571,-0.0429,0.0594,-0.1356,-0.0711,0.0485,-0.1185,-0.0784,0.0482,-0.0973,-0.0780,0.0514,0.0588,0.246,0.1053,None
0.8518,-0.1396,-0.0201,0.0063,-0.1600,-0.0326,0.0584,-0.1404,-0.0622,0.0470,-0.1238,-0.0706,0.0467,-0.1027,-0.0717,0.0501,0.0585,0.227,0.1053,None
0.8657,-0.1408,-0.0092,0.0055,-0.1625,-0.0201,0.0570,-0.1452,-0.0511,0.0458,-0.1293,-0.0608,0.0455,-0.1084,-0.0636,0.0491,0.0583,0.261,0.1053,None
0.8798,-0.1410,0.0003,0.0071,-0.1629,-0.0086,0.0586,-0.1478,-0.0407,0.0479,-0.1326,-0.0514,0.0476,-0.1118,-0.0555,0.0510,0.0581,0.189,0.1053,None
0.8934,-0.1407,0.0091,0.0085,-0.1625,0.0020,0.0597,-0.1496,-0.0308,0.0496,-0.1352,-0.0425,0.0494,-0.1146,-0.0478,0.0526,0.0580,0.183,0.1053,None
0.9082,-0.1399,0.0130,0.0138,-0.1598,0.0045,0.0630,-0.1486,-0.0263,0.0550,-0.1345,-0.0384,0.0543,-0.1139,-0.0443,0.0567,0.0577,0.039,0.1054,None
0.9214,-0.1389,0.0170,0.0184,-0.1571,0.0064,0.0649,-0.1476,-0.0219,0.0597,-0.1338,-0.0344,0.0585,-0.1133,-0.0409,0.0602,0.0574,0.038,0.1054,None
0.9355,-0.1380,0.0202,0.0216,-0.1550,0.0084,0.0657,-0.1469,-0.0184,0.0625,-0.1334,-0.0313,0.0610,-0.1130,-0.0383,0.0622,0.0569,0.035,0.1054,None
0.9498,-0.1373,0.0215,0.0244,-0.1535,0.0085,0.0669,-0.1455,-0.0185,0.0623,-0.1319,-0.0315,0.0593,-0.1121,-0.0381,0.0608,0.0557,0.237,0.1047,None
0.9634,-0.1367,0.0227,0.0267,-0.1524,0.0091,0.0679,-0.1438,-0.0193,0.0595,-0.1304,-0.0317,0.0562,-0.1114,-0.0377,0.0586,0.0538,0.411,0.1034,None
0.9774,-0.1362,0.0213,0.0300,-0.1513,0.0080,0.0700,-0.1421,-0.0211,0.0583,-0.1290,-0.0329,0.0549,-0.1105,-0.0387,0.0578,0.0514,0.337,0.1025,None
0.9917,-0.1355,0.0199,0.0334,-0.1502,0.0070,0.0716,-0.1408,-0.0220,0.0579,-0.1278,-0.0335,0.0543,-0.1097,-0.0392,0.0576,0.0489,0.267,0.1019,None
1.0055,-0.1351,0.0184,0.0356,-0.1495,0.0055,0.0729,-0.1402,-0.0232,0.0585,-0.1273,-0.0345,0.0545,-0.1092,-0.0403,0.0575,0.0477,0.122,0.1018,None
1.0195,-0.1347,0.0171,0.0377,-0.1486,0.0036,0.0745,-0.1395,-0.0246,0.0593,-0.1265,-0.0359,0.0548,-0.1085,-0.0417,0.0575,0.0473,0.096,0.1017,None
1.0339,-0.1347,0.0165,0.0383,-0.1485,0.0024,0.0746,-0.1394,-0.0254,0.0589,-0.1265,-0.0366,0.0541,-0.1085,-0.0425,0.0566,0.0470,0.072,0.1016,None
1.0473,-0.1350,0.0157,0.0375,-0.1491,0.0009,0.0732,-0.1399,-0.0265,0.0573,-0.1270,-0.0375,0.0524,-0.1089,-0.0435,0.0549,0.0468,0.064,0.1016,None
1.0608,-0.1352,0.0150,0.0369,-0.1495,-0.0003,0.0722,-0.1403,-0.0273,0.0559,-0.1273,-0.0382,0.0509,-0.1093,-0.0442,0.0534,0.0466,0.060,0.1016,None
1.0753,-0.1355,0.0141,0.0364,-0.1499,-0.0018,0.0709,-0.1406,-0.0284,0.0544,-0.1276,-0.0392,0.0494,-0.1096,-0.0452,0.0519,0.0464,0.068,0.1016,None
1.0895,-0.1356,0.0134,0.0360,-0.1502,-0.0032,0.0697,-0.1409,-0.0293,0.0531,-0.1278,-0.0400,0.0480,-0.1099,-0.0461,0.0505,0.0463,0.069,0.1016,None
1.1034,-0.1354,0.0137,0.0369,-0.1494,-0.0041,0.0680,-0.1406,-0.0288,0.0536,-0.1277,-0.0396,0.0485,-0.1099,-0.0457,0.0510,0.0461,0.026,0.1015,None
1.1169,-0.1346,0.0154,0.0388,-0.1476,-0.0038,0.0664,-0.1401,-0.0270,0.0555,-0.1274,-0.0379,0.0503,-0.1097,-0.0442,0.0527,0.0459,0.021,0.1014,None
1.1310,-0.1337,0.0174,0.0410,-0.1458,-0.0025,0.0661,-0.1394,-0.0247,0.0578,-0.1270,-0.0357,0.0526,-0.1094,-0.0422,0.0548,0.0457,0.027,0.1013,None
1.1447,-0.1330,0.0188,0.0427,-0.1448,-0.0009,0.0677,-0.1387,-0.0231,0.0596,-0.1265,-0.0342,0.0544,-0.1090,-0.0408,0.0566,0.0455,0.021,0.1012,None
1.1592,-0.1323,0.0201,0.0443,-0.1438,0.0006,0.0694,-0.1380,-0.0216,0.0613,-0.1260,-0.0327,0.0561,-0.1085,-0.0395,0.0582,0.0454,0.016,0.1011,None
1.1729,-0.1318,0.0203,0.0456,-0.1430,0.0010,0.0708,-0.1370,-0.0214,0.0618,-0.1253,-0.0323,0.0573,-0.1079,-0.0390,0.0594,0.0450,0.075,0.1008,None
1.1867,-0.1316,0.0198,0.0464,-0.1425,0.0008,0.0718,-0.1353,-0.0223,0.0594,-0.1240,-0.0325,0.0564,-0.1073,-0.0389,0.0601,0.0442,0.253,0.0996,None
1.2011,-0.1314,0.0194,0.0470,-0.1421,0.0010,0.0724,-0.1336,-0.0229,0.0566,-0.1223,-0.0326,0.0535,-0.1064,-0.0384,0.0593,0.0434,0.258,0.0984,None
1.2149,-0.1310,0.0164,0.0489,-0.1413,0.0005,0.0716,-0.1321,-0.0229,0.0553,-0.1207,-0.0323,0.0521,-0.1051,-0.0376,0.0580,0.0399,0.324,0.0974,None
1.2287,-0.1304,0.0150,0.0507,-0.1400,0.0000,0.0700,-0.1312,-0.0223,0.0558,-0.1198,-0.0315,0.0527,-0.1034,-0.0362,0.0571,0.0377,0.173,0.0970,None
1.2430,-0.1297,0.0158,0.0520,-0.1386,0.0001,0.0690,-0.1305,-0.0212,0.0575,-0.1190,-0.0304,0.0543,-0.1021,-0.0348,0.0578,0.0374,0.042,0.0969,None
1.2568,-0.1291,0.0168,0.0533,-0.1373,0.0006,0.0689,-0.1297,-0.0198,0.0593,-0.1182,-0.0291,0.0559,-0.1009,-0.0332,0.0587,0.0372,0.046,0.0969,None
1.2708,-0.1281,0.0187,0.0549,-0.1358,0.0023,0.0695,-0.1288,-0.0176,0.0617,-0.1173,-0.0270,0.0582,-0.0997,-0.0310,0.0602,0.0370,0.057,0.0968,None
1.2845,-0.1267,0.0230,0.0566,-0.1336,0.0061,0.0694,-0.1277,-0.0128,0.0648,-0.1163,-0.0224,0.0614,-0.0986,-0.0266,0.0630,0.0368,0.115,0.0968,None
1.2982,-0.1251,0.0268,0.0583,-0.1317,0.0101,0.0713,-0.1261,-0.0085,0.0681,-0.1148,-0.0184,0.0648,-0.0966,-0.0226,0.0643,0.0367,0.117,0.0967,None
1.3123,-0.1237,0.0298,0.0599,-0.1299,0.0137,0.0735,-0.1245,-0.0050,0.0710,-0.1132,-0.0150,0.0678,-0.0946,-0.0194,0.0654,0.0365,0.108,0.0966,None
1.3265,-0.1222,0.0328,0.0612,-0.1281,0.0173,0.0754,-0.1228,-0.0014,0.0737,-0.1114,-0.0117,0.0700,-0.0926,-0.0163,0.0667,0.0364,0.103,0.0965,None
1.3408,-0.1216,0.0335,0.0621,-0.1273,0.0181,0.0762,-0.1220,-0.0005,0.0746,-0.1102,-0.0113,0.0697,-0.0917,-0.0155,0.0668,0.0363,0.014,0.0964,None
1.3545,-0.1209,0.0343,0.0629,-0.1264,0.0187,0.0767,-0.1212,0.0002,0.0752,-0.1091,-0.0107,0.0693,-0.0909,-0.0147,0.0671,0.0362,0.026,0.0962,None
1.3684,-0.1211,0.0345,0.0624,-0.1265,0.0190,0.0762,-0.1212,0.0005,0.0747,-0.1090,-0.0105,0.0688,-0.0909,-0.0144,0.0667,0.0362,0.009,0.0961,None
1.3818,-0.1216,0.0349,0.0613,-0.1271,0.0195,0.0750,-0.1218,0.0010,0.0736,-0.1095,-0.0100,0.0677,-0.0913,-0.0139,0.0658,0.0361,0.009,0.0961,None
1.3956,-0.1224,0.0346,0.0597,-0.1280,0.0193,0.0734,-0.1226,0.0009,0.0721,-0.1100,-0.0101,0.0663,-0.0919,-0.0139,0.0646,0.0359,0.008,0.0960,None
1.4101,-0.1232,0.0338,0.0586,-0.1287,0.0185,0.0722,-0.1231,0.0001,0.0708,-0.1104,-0.0108,0.0650,-0.0922,-0.0144,0.0636,0.0358,0.019,0.0959,None
1.4243,-0.1239,0.0330,0.0576,-0.1294,0.0178,0.0711,-0.1236,-0.0006,0.0696,-0.1106,-0.0113,0.0639,-0.0925,-0.0148,0.0628,0.0357,0.018,0.0959,None
1.4379,-0.1245,0.0323,0.0566,-0.1299,0.0171,0.0701,-0.1239,-0.0013,0.0685,-0.1108,-0.0119,0.0628,-0.0926,-0.0152,0.0619,0.0356,0.022,0.0957,None
1.4518,-0.1251,0.0308,0.0561,-0.1304,0.0157,0.0694,-0.1241,-0.0028,0.0675,-0.1105,-0.0132,0.0615,-0.0926,-0.0162,0.0610,0.0355,0.041,0.0956,None
1.4656,-0.1256,0.0289,0.0558,-0.1309,0.0138,0.0691,-0.1243,-0.0047,0.0667,-0.1092,-0.0148,0.0592,-0.0916,-0.0175,0.0593,0.0353,0.053,0.0954,None
1.4794,-0.1261,0.0273,0.0554,-0.1314,0.0125,0.0688,-0.1244,-0.0062,0.0658,-0.1073,-0.0159,0.0564,-0.0900,-0.0181,0.0571,0.0351,0.045,0.0953,None
1.4943,-0.1265,0.0261,0.0551,-0.1318,0.0116,0.0687,-0.1245,-0.0072,0.0650,-0.1057,-0.0165,0.0543,-0.0886,-0.0185,0.0554,0.0348,0.037,0.0952,None
1.5073,-0.1270,0.0240,0.0546,-0.1321,0.0108,0.0689,-0.1245,-0.0083,0.0644,-0.1044,-0.0171,0.0527,-0.0877,-0.0190,0.0543,0.0339,0.087,0.0950,None
1.5214,-0.1278,0.0206,0.0535,-0.1340,0.0130,0.0741,-0.1245,-0.0094,0.0640,-0.1041,-0.0180,0.0520,-0.0876,-0.0198,0.0538,0.0319,0.185,0.0949,None
1.5352,-0.1281,0.0185,0.0533,-0.1351,0.0151,0.0791,-0.1243,-0.0103,0.0638,-0.1039,-0.0187,0.0516,-0.0875,-0.0206,0.0534,0.0309,0.086,0.0948,None
1.5493,-0.1281,0.0181,0.0534,-0.1352,0.0154,0.0805,-0.1244,-0.0107,0.0634,-0.1039,-0.0189,0.0511,-0.0875,-0.0209,0.0529,0.0307,0.031,0.0947,None
1.5632,-0.1279,0.0180,0.0536,-0.1354,0.0156,0.0803,-0.1246,-0.0104,0.0628,-0.1041,-0.0186,0.0505,-0.0877,-0.0208,0.0523,0.0301,0.073,0.0946,None
1.5772,-0.1274,0.0178,0.0541,-0.1357,0.0162,0.0796,-0.1249,-0.0096,0.0619,-0.1044,-0.0180,0.0497,-0.0881,-0.0203,0.0515,0.0287,0.139,0.0944,None
1.5913,-0.1272,0.0193,0.0535,-0.1359,0.0171,0.0789,-0.1249,-0.0088,0.0606,-0.1047,-0.0172,0.0489,-0.0884,-0.0197,0.0508,0.0291,0.064,0.0940,None
1.6049,-0.1273,0.0213,0.0521,-0.1362,0.0180,0.0781,-0.1243,-0.0080,0.0587,-0.1048,-0.0164,0.0481,-0.0886,-0.0190,0.0502,0.0302,0.107,0.0930,None
1.6186,-0.1273,0.0216,0.0518,-0.1362,0.0186,0.0778,-0.1233,-0.0075,0.0574,-0.1036,-0.0157,0.0471,-0.0880,-0.0184,0.0497,0.0299,0.095,0.0920,None
1.6336,-0.1271,0.0220,0.0518,-0.1360,0.0193,0.0781,-0.1227,-0.0070,0.0572,-0.1021,-0.0150,0.0466,-0.0869,-0.0177,0.0495,0.0299,0.039,0.0914,None
1.6468,-0.1269,0.0224,0.0520,-0.1357,0.0199,0.0785,-0.1223,-0.0065,0.0575,-0.1012,-0.0144,0.0466,-0.0862,-0.0171,0.0495,0.0299,0.016,0.0913,None
1.6606,-0.1267,0.0229,0.0522,-0.1353,0.0207,0.0789,-0.1219,-0.0060,0.0579,-0.1006,-0.0139,0.0468,-0.0857,-0.0166,0.0497,0.0298,0.015,0.0911,None
1.6743,-0.1259,0.0249,0.0531,-0.1342,0.0231,0.0802,-0.1212,-0.0040,0.0592,-0.1000,-0.0123,0.0480,-0.0851,-0.0151,0.0508,0.0299,0.032,0.0910,None
1.6901,-0.1245,0.0284,0.0547,-0.1322,0.0273,0.0820,-0.1200,-0.0004,0.0613,-0.0991,-0.0093,0.0497,-0.0842,-0.0124,0.0523,0.0299,0.035,0.0909,None
1.7017,-0.1220,0.0344,0.0567,-0.1291,0.0344,0.0843,-0.1181,0.0056,0.0636,-0.0979,-0.0043,0.0521,-0.0830,-0.0078,0.0543,0.0299,0.057,0.0905,None
1.7162,-0.1191,0.0412,0.0582,-0.1253,0.0416,0.0846,-0.1155,0.0124,0.0652,-0.0955,0.0015,0.0535,-0.0813,-0.0027,0.0555,0.0299,0.021,0.0897,None
1.7295,-0.1164,0.0483,0.0580,-0.1223,0.0500,0.0842,-0.1140,0.0199,0.0661,-0.0946,0.0076,0.0544,-0.0803,0.0028,0.0560,0.0297,0.126,0.0897,None
1.7435,-0.1133,0.0556,0.0575,-0.1186,0.0590,0.0837,-0.1121,0.0278,0.0669,-0.0933,0.0141,0.0553,-0.0791,0.0086,0.0568,0.0294,0.134,0.0898,None
1.7569,-0.1100,0.0624,0.0566,-0.1149,0.0674,0.0827,-0.1099,0.0353,0.0674,-0.0918,0.0202,0.0559,-0.0778,0.0142,0.0573,0.0292,0.137,0.0899,None
1.7708,-0.1077,0.0705,0.0511,-0.1131,0.0770,0.0767,-0.1098,0.0442,0.0629,-0.0924,0.0276,0.0524,-0.0787,0.0207,0.0543,0.0289,0.185,0.0901,None
1.7847,-0.1048,0.0777,0.0466,-0.1106,0.0850,0.0718,-0.1093,0.0528,0.0596,-0.0935,0.0344,0.0496,-0.0796,0.0264,0.0514,0.0284,0.222,0.0907,None
1.7987,-0.1033,0.0820,0.0423,-0.1097,0.0885,0.0655,-0.1094,0.0577,0.0554,-0.0989,0.0404,0.0495,-0.0849,0.0311,0.0510,0.0283,0.122,0.0909,None
1.8124,-0.1015,0.0836,0.0436,-0.1071,0.0879,0.0644,-0.1078,0.0597,0.0574,-0.1013,0.0443,0.0552,-0.0869,0.0339,0.0556,0.0284,0.061,0.0911,None
1.8295,-0.1000,0.0838,0.0467,-0.1040,0.0878,0.0667,-0.1053,0.0610,0.0628,-0.0998,0.0469,0.0627,-0.0853,0.0354,0.0613,0.0283,0.159,0.0916,None
1.8423,-0.0972,0.0877,0.0457,-0.0996,0.0959,0.0679,-0.1026,0.0673,0.0645,-0.0975,0.0524,0.0645,-0.0834,0.0397,0.0623,0.0283,0.279,0.0924,None
1.8542,-0.0943,0.0915,0.0444,-0.0951,0.1032,0.0680,-0.0999,0.0734,0.0655,-0.0952,0.0577,0.0655,-0.0813,0.0439,0.0628,0.0284,0.276,0.0932,None
1.8680,-0.0929,0.0949,0.0404,-0.0938,0.1072,0.0644,-0.0995,0.0784,0.0631,-0.0954,0.0623,0.0635,-0.0818,0.0470,0.0603,0.0288,0.185,0.0938,None
1.8826,-0.0897,0.1004,0.0341,-0.0917,0.1126,0.0578,-0.0986,0.0842,0.0569,-0.0953,0.0683,0.0582,-0.0823,0.0521,0.0557,0.0294,0.157,0.0939,None
1.8960,-0.0843,0.1066,0.0293,-0.0883,0.1175,0.0525,-0.0966,0.0896,0.0517,-0.0942,0.0738,0.0534,-0.0821,0.0569,0.0517,0.0306,0.259,0.0938,None
1.9103,-0.0771,0.1122,0.0282,-0.0803,0.1213,0.0492,-0.0898,0.0965,0.0512,-0.0883,0.0808,0.0534,-0.0773,0.0633,0.0520,0.0306,0.104,0.0937,None
1.9240,-0.0704,0.1168,0.0267,-0.0731,0.1234,0.0452,-0.0832,0.1014,0.0494,-0.0828,0.0868,0.0529,-0.0729,0.0688,0.0519,0.0303,0.027,0.0927,None
1.9377,-0.0640,0.1203,0.0273,-0.0657,0.1248,0.0437,-0.0760,0.1050,0.0501,-0.0762,0.0916,0.0548,-0.0671,0.0733,0.0539,0.0300,0.068,0.0918,None
1.9516,-0.0600,0.1221,0.0282,-0.0600,0.1271,0.0444,-0.0701,0.1081,0.0525,-0.0702,0.0948,0.0576,-0.0615,0.0767,0.0570,0.0299,0.190,0.0919,None
1.9658,-0.0580,0.1230,0.0286,-0.0565,0.1288,0.0446,-0.0657,0.1107,0.0544,-0.0656,0.0970,0.0596,-0.0568,0.0793,0.0594,0.0296,0.237,0.0922,None
1.9794,-0.0565,0.1238,0.0286,-0.0535,0.1304,0.0444,-0.0613,0.1142,0.0561,-0.0615,0.0990,0.0610,-0.0528,0.0814,0.0607,0.0295,0.317,0.0929,None
1.9935,-0.0559,0.1239,0.0291,-0.0518,0.1313,0.0444,-0.0585,0.1155,0.0571,-0.0583,0.1002,0.0623,-0.0495,0.0827,0.0620,0.0293,0.181,0.0930,None
2.0077,-0.0541,0.1250,0.0280,-0.0493,0.1328,0.0428,-0.0556,0.1174,0.0560,-0.0553,0.1022,0.0616,-0.0467,0.0847,0.0615,0.0291,0.097,0.0929,None
2.0211,-0.0524,0.1259,0.0268,-0.0469,0.1341,0.0411,-0.0528,0.1191,0.0549,-0.0525,0.1037,0.0606,-0.0440,0.0865,0.0609,0.0289,0.096,0.0929,None
2.0353,-0.0496,0.1266,0.0289,-0.0433,0.1346,0.0427,-0.0488,0.1170,0.0554,-0.0480,0.0992,0.0592,-0.0398,0.0870,0.0623,0.0282,0.242,0.0906,None
2.0495,-0.0468,0.1268,0.0324,-0.0397,0.1345,0.0457,-0.0446,0.1120,0.0559,-0.0428,0.0934,0.0582,-0.0352,0.0833,0.0619,0.0279,0.433,0.0864,None
2.0634,-0.0453,0.1269,0.0340,-0.0381,0.1337,0.0471,-0.0413,0.1037,0.0519,-0.0375,0.0851,0.0530,-0.0325,0.0747,0.0567,0.0296,0.740,0.0783,None
2.0776,-0.0461,0.1265,0.0345,-0.0398,0.1299,0.0463,-0.0384,0.0957,0.0458,-0.0333,0.0753,0.0456,-0.0291,0.0648,0.0493,0.0337,0.753,0.0690,None
2.0920,-0.0465,0.1262,0.0349,-0.0407,0.1267,0.0455,-0.0361,0.0921,0.0427,-0.0299,0.0696,0.0413,-0.0257,0.0597,0.0454,0.0365,0.382,0.0639,None
2.1050,-0.0490,0.1254,0.0340,-0.0439,0.1214,0.0421,-0.0353,0.0860,0.0370,-0.0277,0.0652,0.0366,-0.0233,0.0556,0.0412,0.0418,0.604,0.0571,None
2.1194,-0.0515,0.1244,0.0338,-0.0463,0.1178,0.0403,-0.0346,0.0820,0.0336,-0.0261,0.0624,0.0341,-0.0213,0.0529,0.0389,0.0457,0.383,0.0525,None
2.1334,-0.0533,0.1236,0.0339,-0.0482,0.1169,0.0402,-0.0347,0.0802,0.0322,-0.0259,0.0612,0.0331,-0.0206,0.0513,0.0377,0.0472,0.176,0.0506,None
2.1470,-0.0545,0.1229,0.0342,-0.0494,0.1163,0.0403,-0.0354,0.0797,0.0322,-0.0264,0.0608,0.0331,-0.0211,0.0509,0.0377,0.0473,0.044,0.0504,None
2.1612,-0.0550,0.1225,0.0348,-0.0499,0.1159,0.0408,-0.0356,0.0793,0.0324,-0.0266,0.0605,0.0332,-0.0213,0.0506,0.0378,0.0474,0.033,0.0503,None
2.1750,-0.0552,0.1223,0.0352,-0.0502,0.1156,0.0409,-0.0357,0.0791,0.0324,-0.0266,0.0603,0.0333,-0.0213,0.0504,0.0379,0.0475,0.022,0.0502,None
2.1892,-0.0553,0.1221,0.0355,-0.0504,0.1153,0.0410,-0.0357,0.0789,0.0324,-0.0266,0.0602,0.0333,-0.0213,0.0503,0.0379,0.0476,0.023,0.0500,None
2.2032,-0.0555,0.1219,0.0358,-0.0506,0.1149,0.0412,-0.0357,0.0787,0.0325,-0.0266,0.0600,0.0334,-0.0213,0.0501,0.0380,0.0476,0.025,0.0499,None
2.2166,-0.0560,0.1217,0.0359,-0.0511,0.1145,0.0410,-0.0360,0.0785,0.0324,-0.0268,0.0599,0.0333,-0.0215,0.0500,0.0379,0.0477,0.021,0.0498,None
2.2313,-0.0565,0.1214,0.0357,-0.0516,0.1138,0.0405,-0.0363,0.0784,0.0321,-0.0271,0.0598,0.0331,-0.0218,0.0499,0.0378,0.0477,0.019,0.0497,None
2.2446,-0.0570,0.1213,0.0354,-0.0508,0.1095,0.0371,-0.0366,0.0783,0.0317,-0.0274,0.0598,0.0329,-0.0222,0.0499,0.0377,0.0477,0.018,0.0496,None
2.2586,-0.0576,0.1211,0.0350,-0.0496,0.1057,0.0337,-0.0369,0.0783,0.0314,-0.0278,0.0598,0.0327,-0.0226,0.0499,0.0375,0.0477,0.018,0.0495,None
2.2730,-0.0582,0.1209,0.0344,-0.0480,0.1021,0.0301,-0.0373,0.0782,0.0308,-0.0283,0.0598,0.0324,-0.0232,0.0498,0.0373,0.0477,0.019,0.0493,None
2.2868,-0.0590,0.1207,0.0336,-0.0464,0.0995,0.0269,-0.0378,0.0781,0.0302,-0.0289,0.0598,0.0319,-0.0240,0.0498,0.0370,0.0477,0.023,0.0491,None
2.3004,-0.0594,0.1202,0.0333,-0.0458,0.0983,0.0251,-0.0383,0.0780,0.0296,-0.0295,0.0598,0.0315,-0.0247,0.0499,0.0367,0.0473,0.038,0.0490,None
2.3142,-0.0599,0.1197,0.0332,-0.0465,0.0981,0.0244,-0.0389,0.0779,0.0289,-0.0303,0.0603,0.0314,-0.0272,0.0526,0.0383,0.0469,0.048,0.0488,None
2.3279,-0.0606,0.1192,0.0331,-0.0472,0.0980,0.0242,-0.0394,0.0777,0.0287,-0.0315,0.0613,0.0321,-0.0290,0.0544,0.0396,0.0468,0.030,0.0487,None
2.3423,-0.0613,0.1187,0.0334,-0.0479,0.0978,0.0246,-0.0398,0.0774,0.0288,-0.0320,0.0610,0.0322,-0.0294,0.0542,0.0397,0.0468,0.031,0.0486,None
2.3558,-0.0621,0.1181,0.0338,-0.0495,0.0986,0.0258,-0.0402,0.0771,0.0289,-0.0324,0.0608,0.0324,-0.0298,0.0539,0.0399,0.0468,0.034,0.0484,None
2.3694,-0.0629,0.1175,0.0345,-0.0515,0.0996,0.0277,-0.0406,0.0765,0.0292,-0.0328,0.0604,0.0327,-0.0301,0.0534,0.0401,0.0469,0.044,0.0482,None
2.3839,-0.0637,0.1167,0.0356,-0.0538,0.1012,0.0306,-0.0409,0.0759,0.0297,-0.0331,0.0598,0.0331,-0.0303,0.0528,0.0405,0.0471,0.055,0.0480,None
2.3976,-0.0647,0.1158,0.0366,-0.0547,0.1006,0.0315,-0.0412,0.0751,0.0301,-0.0333,0.0592,0.0335,-0.0303,0.0520,0.0408,0.0474,0.067,0.0476,None
2.4116,-0.0655,0.1150,0.0375,-0.0554,0.0999,0.0322,-0.0388,0.0742,0.0291,-0.0334,0.0586,0.0338,-0.0293,0.0512,0.0407,0.0495,0.267,0.0444,None
2.4256,-0.0664,0.1142,0.0385,-0.0561,0.0992,0.0330,-0.0359,0.0724,0.0275,-0.0335,0.0579,0.0341,-0.0274,0.0500,0.0404,0.0529,0.333,0.0404,None
2.4399,-0.0670,0.1136,0.0393,-0.0565,0.0985,0.0336,-0.0333,0.0715,0.0264,-0.0331,0.0569,0.0338,-0.0263,0.0490,0.0402,0.0554,0.265,0.0371,None
2.4535,-0.0676,0.1130,0.0396,-0.0570,0.0979,0.0337,-0.0328,0.0713,0.0262,-0.0330,0.0562,0.0336,-0.0263,0.0485,0.0401,0.0560,0.096,0.0362,None
2.4673,-0.0679,0.1127,0.0399,-0.0561,0.0962,0.0324,-0.0328,0.0712,0.0262,-0.0328,0.0560,0.0336,-0.0262,0.0483,0.0401,0.0561,0.035,0.0360,None
2.4815,-0.0683,0.1123,0.0400,-0.0562,0.0957,0.0322,-0.0329,0.0711,0.0261,-0.0328,0.0559,0.0335,-0.0263,0.0481,0.0401,0.0562,0.029,0.0358,None
2.4956,-0.0684,0.1122,0.0401,-0.0559,0.0953,0.0317,-0.0328,0.0711,0.0260,-0.0326,0.0558,0.0334,-0.0261,0.0481,0.0400,0.0562,0.021,0.0356,None
2.5086,-0.0683,0.1122,0.0400,-0.0557,0.0953,0.0313,-0.0326,0.0712,0.0258,-0.0324,0.0559,0.0332,-0.0260,0.0481,0.0398,0.0562,0.015,0.0354,None
2.5235,-0.0682,0.1122,0.0399,-0.0555,0.0952,0.0309,-0.0324,0.0713,0.0255,-0.0322,0.0560,0.0330,-0.0259,0.0482,0.0397,0.0562,0.014,0.0353,None
2.5367,-0.0678,0.1124,0.0399,-0.0551,0.0954,0.0306,-0.0321,0.0715,0.0253,-0.0320,0.0562,0.0328,-0.0257,0.0483,0.0396,0.0562,0.008,0.0351,None
2.5507,-0.0675,0.1128,0.0394,-0.0545,0.0955,0.0298,-0.0317,0.0718,0.0249,-0.0317,0.0565,0.0324,-0.0256,0.0485,0.0393,0.0563,0.008,0.0349,None
2.5645,-0.0670,0.1131,0.0389,-0.0536,0.0954,0.0288,-0.0313,0.0720,0.0245,-0.0314,0.0567,0.0321,-0.0254,0.0488,0.0390,0.0564,0.009,0.0347,None
2.5784,-0.0667,0.1134,0.0385,-0.0529,0.0953,0.0279,-0.0309,0.0722,0.0241,-0.0311,0.0569,0.0318,-0.0251,0.0490,0.0388,0.0565,0.007,0.0345,None
2.5923,-0.0663,0.1137,0.0381,-0.0522,0.0953,0.0271,-0.0305,0.0725,0.0237,-0.0307,0.0572,0.0315,-0.0249,0.0492,0.0385,0.0566,0.007,0.0343,None
2.6063,-0.0660,0.1141,0.0376,-0.0494,0.0940,0.0244,-0.0298,0.0727,0.0231,-0.0304,0.0575,0.0311,-0.0246,0.0495,0.0382,0.0568,0.023,0.0338,None
2.6199,-0.0651,0.1147,0.0369,-0.0453,0.0928,0.0211,-0.0288,0.0732,0.0223,-0.0299,0.0580,0.0306,-0.0241,0.0499,0.0378,0.0571,0.022,0.0333,None
2.6341,-0.0636,0.1157,0.0364,-0.0424,0.0929,0.0194,-0.0277,0.0737,0.0218,-0.0290,0.0585,0.0302,-0.0234,0.0504,0.0375,0.0572,0.041,0.0331,None
2.6481,-0.0616,0.1169,0.0359,-0.0409,0.0939,0.0190,-0.0262,0.0743,0.0213,-0.0279,0.0592,0.0298,-0.0225,0.0510,0.0372,0.0572,0.061,0.0329,None
2.6619,-0.0592,0.1180,0.0359,-0.0393,0.0949,0.0192,-0.0246,0.0749,0.0212,-0.0265,0.0597,0.0297,-0.0213,0.0514,0.0371,0.0573,0.069,0.0328,None
2.6755,-0.0569,0.1189,0.0365,-0.0412,0.0983,0.0225,-0.0230,0.0753,0.0213,-0.0251,0.0602,0.0299,-0.0199,0.0518,0.0372,0.0573,0.074,0.0327,None
2.6906,-0.0545,0.1198,0.0372,-0.0430,0.1021,0.0264,-0.0214,0.0757,0.0214,-0.0236,0.0606,0.0300,-0.0185,0.0521,0.0374,0.0574,0.071,0.0326,None
2.7035,-0.0522,0.1202,0.0392,-0.0420,0.1032,0.0288,-0.0199,0.0758,0.0222,-0.0219,0.0607,0.0308,-0.0167,0.0521,0.0380,0.0575,0.118,0.0324,None
2.7171,-0.0496,0.1200,0.0428,-0.0400,0.1030,0.0316,-0.0183,0.0757,0.0236,-0.0199,0.0605,0.0323,-0.0144,0.0518,0.0392,0.0575,0.172,0.0323,None
2.7318,-0.0468,0.1195,0.0470,-0.0378,0.1023,0.0347,-0.0166,0.0754,0.0254,-0.0176,0.0601,0.0339,-0.0118,0.0513,0.0404,0.0576,0.191,0.0322,None
2.7455,-0.0439,0.1186,0.0516,-0.0332,0.0947,0.0317,-0.0151,0.0750,0.0272,-0.0153,0.0595,0.0356,-0.0091,0.0507,0.0416,0.0577,0.222,0.0320,None
2.7592,-0.0409,0.1176,0.0560,-0.0278,0.0892,0.0285,-0.0135,0.0745,0.0289,-0.0130,0.0589,0.0371,-0.0064,0.0500,0.0427,0.0577,0.224,0.0319,None
2.7732,-0.0385,0.1165,0.0597,-0.0235,0.0868,0.0267,-0.0123,0.0740,0.0306,-0.0112,0.0583,0.0384,-0.0042,0.0488,0.0432,0.0578,0.174,0.0318,None
2.7879,-0.0388,0.1157,0.0609,-0.0228,0.0862,0.0262,-0.0125,0.0736,0.0311,-0.0110,0.0579,0.0387,-0.0039,0.0483,0.0433,0.0579,0.055,0.0316,None
2.8005,-0.0399,0.1152,0.0610,-0.0234,0.0859,0.0263,-0.0130,0.0734,0.0312,-0.0115,0.0575,0.0388,-0.0044,0.0479,0.0434,0.0579,0.050,0.0315,None
2.8147,-0.0414,0.1150,0.0603,-0.0242,0.0857,0.0259,-0.0138,0.0733,0.0309,-0.0123,0.0574,0.0385,-0.0053,0.0478,0.0433,0.0580,0.059,0.0314,None
2.8291,-0.0426,0.1149,0.0594,-0.0247,0.0857,0.0252,-0.0144,0.0733,0.0304,-0.0129,0.0574,0.0380,-0.0060,0.0479,0.0430,0.0581,0.054,0.0312,None
2.8424,-0.0436,0.1150,0.0585,-0.0252,0.0857,0.0245,-0.0148,0.0733,0.0298,-0.0134,0.0575,0.0375,-0.0066,0.0479,0.0427,0.0582,0.051,0.0311,None
2.8563,-0.0444,0.1150,0.0577,-0.0255,0.0857,0.0239,-0.0151,0.0733,0.0294,-0.0137,0.0575,0.0371,-0.0071,0.0479,0.0425,0.0583,0.040,0.0309,None
2.8707,-0.0449,0.1150,0.0572,-0.0257,0.0857,0.0235,-0.0153,0.0734,0.0290,-0.0139,0.0575,0.0368,-0.0073,0.0480,0.0423,0.0584,0.026,0.0308,None
2.8843,-0.0454,0.1150,0.0568,-0.0259,0.0856,0.0231,-0.0154,0.0734,0.0286,-0.0140,0.0575,0.0365,-0.0075,0.0480,0.0421,0.0585,0.022,0.0307,None
2.8983,-0.0456,0.1150,0.0565,-0.0260,0.0856,0.0228,-0.0155,0.0734,0.0284,-0.0140,0.0575,0.0363,-0.0076,0.0480,0.0420,0.0586,0.014,0.0305,None
2.9124,-0.0459,0.1149,0.0563,-0.0260,0.0855,0.0225,-0.0155,0.0733,0.0281,-0.0140,0.0575,0.0360,-0.0076,0.0479,0.0418,0.0587,0.013,0.0304,None
2.9260,-0.0461,0.1149,0.0561,-0.0260,0.0855,0.0221,-0.0156,0.0733,0.0279,-0.0140,0.0575,0.0359,-0.0077,0.0479,0.0417,0.0587,0.013,0.0303,None
2.9404,-0.0462,0.1149,0.0560,-0.0263,0.0856,0.0224,-0.0155,0.0733,0.0279,-0.0139,0.0575,0.0358,-0.0077,0.0479,0.0417,0.0588,0.015,0.0302,None
2.9536,-0.0464,0.1148,0.0560,-0.0265,0.0857,0.0227,-0.0155,0.0733,0.0279,-0.0139,0.0574,0.0358,-0.0077,0.0478,0.0417,0.0589,0.018,0.0301,None
2.9673,-0.0467,0.1148,0.0559,-0.0352,0.0938,0.0355,-0.0155,0.0733,0.0280,-0.0139,0.0573,0.0358,-0.0077,0.0477,0.0418,0.0590,0.024,0.0300,None
2.9811,-0.0470,0.1147,0.0560,-0.0406,0.1098,0.0516,-0.0156,0.0733,0.0281,-0.0140,0.0573,0.0359,-0.0078,0.0476,0.0419,0.0590,0.018,0.0300,None
2.9960,-0.0492,0.1150,0.0553,-0.0388,0.1272,0.0631,-0.0162,0.0731,0.0285,-0.0147,0.0571,0.0362,-0.0086,0.0475,0.0422,0.0596,0.130,0.0303,None
3.0095,-0.0522,0.1147,0.0545,-0.0364,0.1366,0.0686,-0.0210,0.0731,0.0319,-0.0174,0.0588,0.0390,-0.0118,0.0491,0.0449,0.0567,0.335,0.0348,None
3.0232,-0.0554,0.1140,0.0538,-0.0367,0.1396,0.0713,-0.0294,0.0752,0.0390,-0.0231,0.0614,0.0439,-0.0179,0.0511,0.0488,0.0490,0.714,0.0443,None
3.0378,-0.0584,0.1127,0.0533,-0.0405,0.1382,0.0722,-0.0354,0.0772,0.0436,-0.0300,0.0636,0.0483,-0.0249,0.0531,0.0525,0.0435,0.462,0.0503,None
3.0510,-0.0611,0.1113,0.0534,-0.0490,0.1281,0.0694,-0.0406,0.0795,0.0480,-0.0337,0.0651,0.0509,-0.0300,0.0545,0.0553,0.0382,0.469,0.0557,None
3.0650,-0.0628,0.1103,0.0535,-0.0545,0.0984,0.0502,-0.0420,0.0790,0.0481,-0.0350,0.0645,0.0509,-0.0312,0.0539,0.0553,0.0379,0.043,0.0558,None
3.0792,-0.0631,0.1091,0.0544,-0.0473,0.0892,0.0381,-0.0428,0.0784,0.0480,-0.0358,0.0639,0.0508,-0.0320,0.0532,0.0552,0.0374,0.088,0.0556,None
3.0930,-0.0631,0.1078,0.0555,-0.0433,0.0869,0.0336,-0.0435,0.0778,0.0479,-0.0365,0.0634,0.0507,-0.0326,0.0526,0.0550,0.0366,0.120,0.0553,None
3.1067,-0.0638,0.1071,0.0561,-0.0424,0.0862,0.0329,-0.0439,0.0772,0.0481,-0.0357,0.0623,0.0501,-0.0327,0.0517,0.0549,0.0368,0.033,0.0551,None
3.1208,-0.0642,0.1061,0.0569,-0.0430,0.0857,0.0337,-0.0444,0.0766,0.0488,-0.0355,0.0615,0.0501,-0.0320,0.0492,0.0533,0.0365,0.029,0.0553,None
3.1348,-0.0648,0.1049,0.0586,-0.0502,0.0875,0.0414,-0.0491,0.0777,0.0543,-0.0355,0.0606,0.0510,-0.0319,0.0484,0.0541,0.0317,0.431,0.0615,None
3.1480,-0.0653,0.1037,0.0602,-0.0569,0.0908,0.0506,-0.0553,0.0806,0.0627,-0.0356,0.0597,0.0518,-0.0319,0.0476,0.0549,0.0253,0.740,0.0710,None
3.1630,-0.0657,0.1028,0.0616,-0.0620,0.0990,0.0630,-0.0595,0.0910,0.0760,-0.0360,0.0592,0.0530,-0.0346,0.0478,0.0576,0.0196,1.116,0.0843,None
3.1758,-0.0660,0.1019,0.0630,-0.0631,0.1035,0.0695,-0.0603,0.0964,0.0833,-0.0433,0.0603,0.0592,-0.0400,0.0512,0.0643,0.0218,0.680,0.0908,None
3.1897,-0.0663,0.1010,0.0643,-0.0633,0.1052,0.0732,-0.0604,0.0985,0.0875,-0.0485,0.0644,0.0672,-0.0433,0.0558,0.0718,0.0241,0.304,0.0938,None
3.2042,-0.0663,0.1004,0.0656,-0.0629,0.1059,0.0759,-0.0601,0.0989,0.0903,-0.0517,0.0670,0.0734,-0.0446,0.0591,0.0778,0.0255,0.126,0.0953,None
3.2178,-0.0663,0.0997,0.0668,-0.0627,0.1054,0.0774,-0.0599,0.0993,0.0927,-0.0540,0.0703,0.0796,-0.0454,0.0615,0.0826,0.0267,0.122,0.0965,None
3.2317,-0.0659,0.0992,0.0679,-0.0623,0.1050,0.0786,-0.0593,0.1003,0.0951,-0.0552,0.0723,0.0839,-0.0459,0.0627,0.0859,0.0281,0.144,0.0980,None
3.2458,-0.0659,0.0987,0.0686,-0.0624,0.1045,0.0792,-0.0589,0.1018,0.0976,-0.0560,0.0738,0.0870,-0.0463,0.0638,0.0886,0.0300,0.188,0.0999,None
3.2598,-0.0658,0.0983,0.0692,-0.0625,0.1040,0.0797,-0.0589,0.1019,0.0986,-0.0565,0.0743,0.0885,-0.0467,0.0642,0.0901,0.0304,0.051,0.1004,None
3.2736,-0.0658,0.0978,0.0698,-0.0626,0.1035,0.0801,-0.0589,0.1020,0.0995,-0.0569,0.0745,0.0897,-0.0471,0.0645,0.0916,0.0308,0.049,0.1009,None
3.2873,-0.0661,0.0972,0.0701,-0.0633,0.1029,0.0802,-0.0595,0.1017,0.0999,-0.0575,0.0740,0.0899,-0.0477,0.0640,0.0917,0.0308,0.029,0.1010,None
3.3010,-0.0664,0.0961,0.0711,-0.0639,0.1018,0.0810,-0.0603,0.1004,0.1009,-0.0583,0.0727,0.0904,-0.0485,0.0626,0.0921,0.0307,0.036,0.1011,None
3.3154,-0.0658,0.0943,0.0731,-0.0643,0.1003,0.0824,-0.0610,0.0984,0.1022,-0.0590,0.0708,0.0910,-0.0493,0.0606,0.0926,0.0298,0.107,0.1010,None
3.3290,-0.0646,0.0914,0.0762,-0.0647,0.0978,0.0843,-0.0618,0.0952,0.1041,-0.0599,0.0673,0.0914,-0.0515,0.0546,0.0900,0.0283,0.168,0.1007,None
3.3432,-0.0639,0.0879,0.0790,-0.0657,0.0928,0.0834,-0.0638,0.0890,0.1029,-0.0610,0.0612,0.0882,-0.0533,0.0487,0.0865,0.0240,0.388,0.0980,None
3.3570,-0.0633,0.0843,0.0815,-0.0663,0.0880,0.0820,-0.0652,0.0818,0.0995,-0.0606,0.0546,0.0829,-0.0539,0.0433,0.0826,0.0183,0.523,0.0934,None
3.3711,-0.0643,0.0809,0.0832,-0.0672,0.0831,0.0801,-0.0665,0.0753,0.0959,-0.0600,0.0504,0.0801,-0.0540,0.0395,0.0806,0.0141,0.435,0.0890,None
3.3845,-0.0666,0.0781,0.0839,-0.0690,0.0798,0.0795,-0.0683,0.0707,0.0939,-0.0616,0.0477,0.0799,-0.0553,0.0368,0.0800,0.0126,0.248,0.0865,None
3.3988,-0.0695,0.0750,0.0843,-0.0717,0.0772,0.0803,-0.0714,0.0673,0.0940,-0.0640,0.0448,0.0797,-0.0575,0.0340,0.0796,0.0126,0.028,0.0865,None
3.4127,-0.0721,0.0722,0.0846,-0.0741,0.0745,0.0808,-0.0739,0.0641,0.0943,-0.0661,0.0422,0.0797,-0.0594,0.0315,0.0796,0.0127,0.022,0.0865,None
3.4263,-0.0745,0.0694,0.0848,-0.0764,0.0718,0.0813,-0.0763,0.0611,0.0945,-0.0680,0.0397,0.0797,-0.0611,0.0290,0.0794,0.0129,0.023,0.0865,None
3.4401,-0.0774,0.0653,0.0855,-0.0792,0.0678,0.0823,-0.0791,0.0566,0.0951,-0.0703,0.0360,0.0802,-0.0633,0.0268,0.0822,0.0130,0.029,0.0865,None
3.4538,-0.0804,0.0611,0.0858,-0.0821,0.0638,0.0830,-0.0820,0.0521,0.0952,-0.0747,0.0332,0.0834,-0.0654,0.0242,0.0840,0.0131,0.031,0.0865,None
3.4685,-0.0831,0.0568,0.0863,-0.0847,0.0596,0.0838,-0.0844,0.0474,0.0954,-0.0788,0.0301,0.0872,-0.0672,0.0207,0.0847,0.0132,0.032,0.0865,None
3.4817,-0.0855,0.0540,0.0857,-0.0870,0.0569,0.0835,-0.0867,0.0444,0.0947,-0.0819,0.0282,0.0890,-0.0689,0.0184,0.0842,0.0132,0.022,0.0865,None
3.4958,-0.0882,0.0516,0.0846,-0.0898,0.0547,0.0832,-0.0893,0.0417,0.0934,-0.0854,0.0263,0.0899,-0.0712,0.0163,0.0835,0.0133,0.028,0.0865,None
3.5100,-0.0904,0.0481,0.0845,-0.0929,0.0522,0.0858,-0.0911,0.0379,0.0932,-0.0880,0.0234,0.0924,-0.0728,0.0135,0.0844,0.0134,0.036,0.0865,None
3.5239,-0.0925,0.0446,0.0843,-0.0959,0.0496,0.0883,-0.0927,0.0342,0.0929,-0.0903,0.0206,0.0946,-0.0746,0.0111,0.0866,0.0135,0.037,0.0865,None
3.5373,-0.0953,0.0401,0.0838,-0.0996,0.0459,0.0913,-0.0949,0.0293,0.0925,-0.0927,0.0163,0.0962,-0.0765,0.0083,0.0898,0.0139,0.063,0.0866,None
3.5515,-0.0967,0.0332,0.0862,-0.1008,0.0443,0.1045,-0.0946,0.0215,0.0951,-0.0924,0.0091,0.1004,-0.0759,0.0029,0.0958,0.0149,0.127,0.0868,None
3.5653,-0.0973,0.0251,0.0886,-0.1006,0.0401,0.1157,-0.0946,0.0131,0.0989,-0.0912,0.0006,0.1029,-0.0746,-0.0045,0.0991,0.0160,0.106,0.0881,None
3.5793,-0.0970,0.0166,0.0911,-0.0993,0.0346,0.1250,-0.0962,0.0053,0.1081,-0.0895,-0.0079,0.1050,-0.0730,-0.0118,0.1030,0.0205,0.510,0.0939,None
3.5936,-0.0979,0.0095,0.0913,-0.1001,0.0282,0.1290,-0.0980,-0.0013,0.1142,-0.0894,-0.0150,0.1057,-0.0726,-0.0178,0.1061,0.0253,0.414,0.0983,None
3.6075,-0.0987,0.0063,0.0909,-0.1010,0.0258,0.1298,-0.0991,-0.0032,0.1187,-0.0894,-0.0160,0.1113,-0.0717,-0.0186,0.1122,0.0294,0.367,0.1015,None
3.6214,-0.0993,0.0029,0.0905,-0.1019,0.0228,0.1303,-0.0996,-0.0057,0.1215,-0.0891,-0.0169,0.1171,-0.0704,-0.0194,0.1174,0.0322,0.238,0.1034,None
3.6348,-0.1004,0.0027,0.0895,-0.1033,0.0230,0.1292,-0.1007,-0.0050,0.1220,-0.0897,-0.0147,0.1213,-0.0703,-0.0177,0.1207,0.0335,0.133,0.1041,None
3.6486,-0.1015,0.0038,0.0883,-0.1046,0.0247,0.1278,-0.1019,-0.0033,0.1213,-0.0910,-0.0128,0.1215,-0.0714,-0.0160,0.1205,0.0338,0.054,0.1042,None
3.6629,-0.1037,0.0077,0.0855,-0.1073,0.0294,0.1242,-0.1049,0.0015,0.1188,-0.0942,-0.0081,0.1196,-0.0746,-0.0117,0.1191,0.0339,0.092,0.1043,None
3.6767,-0.1063,0.0134,0.0815,-0.1124,0.0290,0.1129,-0.1090,0.0081,0.1144,-0.0986,-0.0017,0.1160,-0.0792,-0.0059,0.1163,0.0334,0.130,0.1041,None
3.6907,-0.1083,0.0181,0.0779,-0.1155,0.0262,0.0990,-0.1123,0.0130,0.1093,-0.1022,0.0037,0.1125,-0.0831,-0.0010,0.1135,0.0321,0.140,0.1036,None
3.7044,-0.1098,0.0223,0.0745,-0.1156,0.0241,0.0847,-0.1141,0.0126,0.0975,-0.1052,0.0073,0.1067,-0.0874,0.0007,0.1052,0.0253,0.706,0.0998,None
3.7185,-0.1109,0.0241,0.0724,-0.1153,0.0248,0.0790,-0.1141,0.0122,0.0903,-0.1067,0.0063,0.0994,-0.0897,0.0002,0.0989,0.0217,0.402,0.0968,None
3.7326,-0.1114,0.0244,0.0714,-0.1154,0.0248,0.0771,-0.1143,0.0120,0.0881,-0.1070,0.0051,0.0953,-0.0907,-0.0006,0.0962,0.0209,0.096,0.0959,None
3.7462,-0.1116,0.0237,0.0714,-0.1155,0.0243,0.0772,-0.1144,0.0112,0.0878,-0.1071,0.0040,0.0945,-0.0909,-0.0016,0.0957,0.0208,0.017,0.0959,None
3.7601,-0.1119,0.0225,0.0714,-0.1157,0.0233,0.0773,-0.1147,0.0100,0.0877,-0.1073,0.0025,0.0941,-0.0912,-0.0031,0.0952,0.0207,0.015,0.0959,None
3.7738,-0.1119,0.0217,0.0717,-0.1157,0.0226,0.0777,-0.1146,0.0091,0.0879,-0.1071,0.0015,0.0940,-0.0910,-0.0041,0.0951,0.0207,0.008,0.0959,None
3.7876,-0.1119,0.0208,0.0719,-0.1157,0.0219,0.0781,-0.1145,0.0083,0.0881,-0.1070,0.0005,0.0939,-0.0909,-0.0050,0.0949,0.0206,0.007,0.0959,None
3.8017,-0.1121,0.0204,0.0719,-0.1158,0.0215,0.0782,-0.1146,0.0078,0.0881,-0.1071,0.0000,0.0937,-0.0910,-0.0055,0.0947,0.0206,0.005,0.0959,None
3.8154,-0.1122,0.0203,0.0718,-0.1158,0.0215,0.0781,-0.1147,0.0079,0.0881,-0.1072,-0.0001,0.0936,-0.0910,-0.0056,0.0946,0.0207,0.011,0.0960,None
3.8296,-0.1124,0.0204,0.0715,-0.1160,0.0217,0.0779,-0.1150,0.0082,0.0881,-0.1074,0.0002,0.0935,-0.0912,-0.0053,0.0944,0.0208,0.022,0.0961,None
3.8437,-0.1126,0.0204,0.0713,-0.1162,0.0218,0.0777,-0.1152,0.0083,0.0882,-0.1075,0.0003,0.0935,-0.0913,-0.0052,0.0944,0.0209,0.024,0.0962,None
3.8574,-0.1127,0.0203,0.0711,-0.1163,0.0218,0.0775,-0.1154,0.0084,0.0882,-0.1077,0.0004,0.0935,-0.0914,-0.0051,0.0945,0.0210,0.026,0.0964,None
3.8712,-0.1130,0.0202,0.0708,-0.1165,0.0217,0.0773,-0.1156,0.0085,0.0883,-0.1079,0.0004,0.0935,-0.0915,-0.0050,0.0945,0.0212,0.027,0.0965,None
3.8854,-0.1131,0.0196,0.0708,-0.1166,0.0213,0.0775,-0.1156,0.0081,0.0886,-0.1078,0.0000,0.0939,-0.0914,-0.0053,0.0948,0.0214,0.031,0.0966,None
3.8991,-0.1133,0.0187,0.0707,-0.1167,0.0206,0.0778,-0.1157,0.0073,0.0890,-0.1078,-0.0007,0.0942,-0.0912,-0.0059,0.0952,0.0217,0.034,0.0968,None
3.9130,-0.1134,0.0176,0.0707,-0.1169,0.0199,0.0784,-0.1157,0.0063,0.0893,-0.1078,-0.0017,0.0944,-0.0911,-0.0068,0.0955,0.0219,0.029,0.0969,None
3.9268,-0.1136,0.0165,0.0706,-0.1172,0.0199,0.0801,-0.1158,0.0053,0.0897,-0.1077,-0.0028,0.0947,-0.0909,-0.0073,0.0967,0.0222,0.030,0.0970,None
3.9408,-0.1135,0.0148,0.0712,-0.1175,0.0207,0.0840,-0.1154,0.0036,0.0908,-0.1071,-0.0045,0.0956,-0.0902,-0.0087,0.0976,0.0227,0.048,0.0972,None
3.9543,-0.1133,0.0130,0.0718,-0.1175,0.0208,0.0874,-0.1149,0.0018,0.0921,-0.1064,-0.0063,0.0967,-0.0893,-0.0104,0.0985,0.0232,0.054,0.0975,None
3.9686,-0.1132,0.0116,0.0722,-0.1173,0.0197,0.0887,-0.1147,0.0010,0.0940,-0.1059,-0.0077,0.0975,-0.0887,-0.0117,0.0991,0.0242,0.108,0.0980,None
3.9827,-0.1131,0.0105,0.0725,-0.1173,0.0186,0.0896,-0.1145,0.0000,0.0951,-0.1055,-0.0088,0.0982,-0.0881,-0.0127,0.0997,0.0250,0.064,0.0985,None
3.9964,-0.1131,0.0097,0.0727,-0.1172,0.0179,0.0901,-0.1143,-0.0006,0.0958,-0.1051,-0.0095,0.0987,-0.0878,-0.0134,0.1001,0.0253,0.036,0.0986,None
4.0103,-0.1130,0.0092,0.0729,-0.1170,0.0174,0.0906,-0.1140,-0.0011,0.0964,-0.1048,-0.0100,0.0992,-0.0873,-0.0137,0.1006,0.0257,0.032,0.0987,None
4.0237,-0.1129,0.0088,0.0731,-0.1168,0.0170,0.0911,-0.1137,-0.0015,0.0970,-0.1044,-0.0104,0.0997,-0.0869,-0.0141,0.1010,0.0260,0.032,0.0988,None
4.0379,-0.1129,0.0082,0.0732,-0.1168,0.0164,0.0914,-0.1135,-0.0021,0.0974,-0.1041,-0.0109,0.1001,-0.0865,-0.0146,0.1014,0.0263,0.031,0.0989,None
4.0525,-0.1129,0.0077,0.0732,-0.1167,0.0158,0.0918,-0.1133,-0.0026,0.0978,-0.1038,-0.0114,0.1006,-0.0861,-0.0149,0.1018,0.0267,0.034,0.0990,None
4.0656,-0.1132,0.0073,0.0729,-0.1169,0.0154,0.0918,-0.1134,-0.0030,0.0980,-0.1038,-0.0118,0.1007,-0.0860,-0.0152,0.1019,0.0271,0.034,0.0991,None
4.0798,-0.1135,0.0073,0.0724,-0.1171,0.0153,0.0916,-0.1136,-0.0030,0.0979,-0.1040,-0.0118,0.1007,-0.0861,-0.0152,0.1020,0.0275,0.031,0.0992,None
4.0934,-0.1138,0.0073,0.0719,-0.1174,0.0152,0.0915,-0.1138,-0.0031,0.0979,-0.1041,-0.0119,0.1007,-0.0863,-0.0152,0.1021,0.0279,0.032,0.0993,None
4.1078,-0.1145,0.0082,0.0708,-0.1181,0.0160,0.0906,-0.1147,-0.0024,0.0970,-0.1050,-0.0113,0.0999,-0.0872,-0.0147,0.1014,0.0282,0.023,0.0994,None
4.1212,-0.1151,0.0090,0.0697,-0.1187,0.0167,0.0897,-0.1154,-0.0017,0.0961,-0.1059,-0.0107,0.0991,-0.0880,-0.0143,0.1007,0.0285,0.023,0.0994,None
4.1353,-0.1158,0.0097,0.0686,-0.1194,0.0173,0.0889,-0.1162,-0.0012,0.0952,-0.1067,-0.0103,0.0981,-0.0889,-0.0140,0.0999,0.0288,0.022,0.0994,None
4.1492,-0.1163,0.0103,0.0677,-0.1199,0.0178,0.0882,-0.1168,-0.0008,0.0944,-0.1073,-0.0100,0.0974,-0.0895,-0.0137,0.0993,0.0289,0.016,0.0994,None
4.1628,-0.1167,0.0108,0.0670,-0.1203,0.0182,0.0876,-0.1173,-0.0004,0.0937,-0.1079,-0.0097,0.0967,-0.0901,-0.0135,0.0988,0.0290,0.012,0.0994,None
4.1768,-0.1170,0.0113,0.0665,-0.1205,0.0187,0.0872,-0.1176,0.0001,0.0934,-0.1082,-0.0093,0.0964,-0.0904,-0.0131,0.0986,0.0291,0.009,0.0994,None
4.1910,-0.1172,0.0119,0.0661,-0.1207,0.0192,0.0869,-0.1178,0.0006,0.0931,-0.1084,-0.0088,0.0961,-0.0906,-0.0127,0.0983,0.0292,0.007,0.0994,None
4.2046,-0.1174,0.0122,0.0658,-0.1209,0.0196,0.0865,-0.1180,0.0010,0.0928,-0.1086,-0.0084,0.0958,-0.0908,-0.0123,0.0982,0.0293,0.008,0.0995,None
4.2185,-0.1176,0.0126,0.0655,-0.1211,0.0200,0.0862,-0.1182,0.0014,0.0927,-0.1088,-0.0080,0.0957,-0.0910,-0.0119,0.0981,0.0294,0.013,0.0995,None
4.2328,-0.1178,0.0128,0.0650,-0.1214,0.0204,0.0859,-0.1185,0.0019,0.0924,-0.1091,-0.0076,0.0954,-0.0913,-0.0115,0.0978,0.0295,0.020,0.0996,None
4.2470,-0.1182,0.0138,0.0642,-0.1220,0.0215,0.0850,-0.1192,0.0030,0.0917,-0.1099,-0.0066,0.0947,-0.0921,-0.0106,0.0972,0.0296,0.030,0.0997,None
4.2599,-0.1188,0.0150,0.0627,-0.1229,0.0230,0.0835,-0.1204,0.0045,0.0903,-0.1112,-0.0052,0.0934,-0.0934,-0.0095,0.0960,0.0296,0.048,0.0998,None
4.2743,-0.1194,0.0168,0.0611,-0.1244,0.0259,0.0832,-0.1217,0.0067,0.0889,-0.1126,-0.0033,0.0919,-0.0949,-0.0079,0.0947,0.0297,0.053,0.1000,None
4.2878,-0.1200,0.0189,0.0592,-0.1258,0.0291,0.0825,-0.1231,0.0091,0.0871,-0.1142,-0.0011,0.0902,-0.0966,-0.0060,0.0932,0.0297,0.064,0.1001,None
4.3018,-0.1207,0.0203,0.0574,-0.1275,0.0319,0.0824,-0.1254,0.0118,0.0875,-0.1161,0.0009,0.0898,-0.0982,-0.0047,0.0917,0.0316,0.212,0.1017,None
4.3158,-0.1211,0.0210,0.0564,-0.1286,0.0337,0.0828,-0.1276,0.0146,0.0903,-0.1180,0.0029,0.0922,-0.0992,-0.0041,0.0913,0.0351,0.340,0.1043,None
4.3300,-0.1215,0.0204,0.0560,-0.1294,0.0335,0.0831,-0.1291,0.0157,0.0929,-0.1192,0.0035,0.0947,-0.0999,-0.0044,0.0920,0.0380,0.257,0.1063,None
4.3438,-0.1218,0.0192,0.0558,-0.1299,0.0322,0.0829,-0.1298,0.0153,0.0941,-0.1198,0.0031,0.0961,-0.1002,-0.0051,0.0927,0.0393,0.123,0.1071,None
4.3582,-0.1221,0.0180,0.0557,-0.1303,0.0310,0.0827,-0.1303,0.0147,0.0948,-0.1202,0.0025,0.0970,-0.1004,-0.0058,0.0931,0.0401,0.068,0.1076,None
4.3713,-0.1227,0.0165,0.0551,-0.1312,0.0296,0.0819,-0.1310,0.0134,0.0942,-0.1208,0.0013,0.0965,-0.1008,-0.0068,0.0927,0.0402,0.017,0.1077,None
4.3854,-0.1230,0.0146,0.0549,-0.1316,0.0275,0.0820,-0.1312,0.0114,0.0944,-0.1207,-0.0006,0.0967,-0.1006,-0.0083,0.0929,0.0405,0.028,0.1077,None
4.3994,-0.1235,0.0125,0.0546,-0.1321,0.0252,0.0820,-0.1314,0.0091,0.0944,-0.1207,-0.0027,0.0966,-0.1005,-0.0101,0.0930,0.0407,0.029,0.1077,None
4.4134,-0.1236,0.0105,0.0547,-0.1323,0.0230,0.0825,-0.1312,0.0068,0.0948,-0.1203,-0.0048,0.0970,-0.1000,-0.0118,0.0934,0.0410,0.038,0.1077,None
4.4270,-0.1238,0.0083,0.0548,-0.1325,0.0206,0.0830,-0.1310,0.0043,0.0953,-0.1198,-0.0072,0.0974,-0.0994,-0.0137,0.0939,0.0412,0.044,0.1077,None
4.4414,-0.1241,0.0080,0.0542,-0.1328,0.0203,0.0826,-0.1313,0.0040,0.0947,-0.1201,-0.0075,0.0969,-0.0997,-0.0139,0.0935,0.0413,0.009,0.1077,None
4.4547,-0.1243,0.0078,0.0537,-0.1332,0.0201,0.0821,-0.1316,0.0037,0.0942,-0.1204,-0.0078,0.0964,-0.0999,-0.0141,0.0932,0.0414,0.010,0.1077,None
4.4688,-0.1245,0.0081,0.0530,-0.1336,0.0203,0.0815,-0.1321,0.0038,0.0934,-0.1209,-0.0079,0.0955,-0.1005,-0.0142,0.0924,0.0414,0.023,0.1076,None
4.4831,-0.1246,0.0083,0.0526,-0.1338,0.0205,0.0811,-0.1323,0.0038,0.0929,-0.1212,-0.0080,0.0948,-0.1008,-0.0143,0.0918,0.0413,0.022,0.1075,None
4.4966,-0.1248,0.0082,0.0521,-0.1341,0.0201,0.0806,-0.1324,0.0027,0.0914,-0.1215,-0.0089,0.0937,-0.1011,-0.0160,0.0891,0.0405,0.101,0.1070,None
4.5106,-0.1251,0.0078,0.0513,-0.1346,0.0192,0.0798,-0.1322,0.0005,0.0885,-0.1214,-0.0111,0.0899,-0.1015,-0.0176,0.0865,0.0385,0.199,0.1058,None
4.5250,-0.1255,0.0073,0.0504,-0.1349,0.0178,0.0782,-0.1320,-0.0015,0.0855,-0.1211,-0.0132,0.0861,-0.1020,-0.0191,0.0842,0.0368,0.181,0.1046,None
4.5379,-0.1257,0.0060,0.0499,-0.1352,0.0158,0.0777,-0.1320,-0.0039,0.0842,-0.1209,-0.0156,0.0842,-0.1021,-0.0211,0.0833,0.0363,0.110,0.1041,None
4.5522,-0.1263,0.0050,0.0485,-0.1359,0.0141,0.0768,-0.1327,-0.0057,0.0830,-0.1215,-0.0175,0.0828,-0.1027,-0.0228,0.0821,0.0367,0.057,0.1041,None
4.5654,-0.1280,0.0062,0.0441,-0.1371,0.0124,0.0753,-0.1337,-0.0075,0.0813,-0.1225,-0.0193,0.0811,-0.1036,-0.0245,0.0805,0.0401,0.310,0.1042,None
4.5786,-0.1295,0.0075,0.0401,-0.1381,0.0114,0.0746,-0.1345,-0.0091,0.0799,-0.1231,-0.0208,0.0797,-0.1042,-0.0259,0.0793,0.0434,0.300,0.1043,None
4.5929,-0.1306,0.0081,0.0365,-0.1393,0.0101,0.0728,-0.1354,-0.0105,0.0779,-0.1240,-0.0222,0.0778,-0.1050,-0.0270,0.0778,0.0456,0.182,0.1042,None
4.6070,-0.1315,0.0075,0.0334,-0.1410,0.0094,0.0698,-0.1368,-0.0115,0.0744,-0.1254,-0.0231,0.0747,-0.1065,-0.0278,0.0753,0.0455,0.058,0.1040,None
4.6207,-0.1323,0.0070,0.0303,-0.1427,0.0086,0.0666,-0.1382,-0.0125,0.0708,-0.1268,-0.0240,0.0714,-0.1080,-0.0285,0.0726,0.0454,0.060,0.1037,None
4.6346,-0.1332,0.0060,0.0264,-0.1446,0.0074,0.0626,-0.1399,-0.0139,0.0666,-0.1284,-0.0253,0.0674,-0.1098,-0.0296,0.0693,0.0454,0.074,0.1035,None
4.6487,-0.1339,0.0056,0.0224,-0.1465,0.0065,0.0582,-0.1417,-0.0150,0.0618,-0.1300,-0.0264,0.0626,-0.1117,-0.0306,0.0654,0.0452,0.096,0.1033,None
4.6626,-0.1344,0.0059,0.0191,-0.1479,0.0064,0.0547,-0.1430,-0.0153,0.0578,-0.1303,-0.0271,0.0572,-0.1125,-0.0311,0.0607,0.0449,0.094,0.1031,None
4.6767,-0.1347,0.0071,0.0167,-0.1488,0.0071,0.0518,-0.1433,-0.0150,0.0536,-0.1292,-0.0270,0.0512,-0.1126,-0.0309,0.0558,0.0439,0.134,0.1022,None
4.6905,-0.1349,0.0082,0.0143,-0.1497,0.0079,0.0490,-0.1430,-0.0149,0.0491,-0.1282,-0.0266,0.0461,-0.1124,-0.0304,0.0512,0.0425,0.172,0.1009,None
4.7041,-0.1348,0.0103,0.0139,-0.1497,0.0101,0.0485,-0.1418,-0.0133,0.0469,-0.1270,-0.0249,0.0438,-0.1117,-0.0288,0.0490,0.0412,0.164,0.0995,None
4.7180,-0.1345,0.0133,0.0144,-0.1492,0.0131,0.0490,-0.1406,-0.0108,0.0459,-0.1261,-0.0224,0.0430,-0.1109,-0.0264,0.0480,0.0402,0.126,0.0983,None
4.7320,-0.1340,0.0180,0.0141,-0.1487,0.0180,0.0487,-0.1398,-0.0065,0.0445,-0.1260,-0.0182,0.0419,-0.1111,-0.0226,0.0471,0.0394,0.090,0.0972,None
4.7462,-0.1334,0.0226,0.0137,-0.1481,0.0230,0.0480,-0.1395,-0.0020,0.0433,-0.1263,-0.0140,0.0409,-0.1116,-0.0188,0.0462,0.0390,0.059,0.0967,None
4.7596,-0.1328,0.0259,0.0132,-0.1476,0.0265,0.0472,-0.1384,0.0010,0.0412,-0.1255,-0.0111,0.0389,-0.1114,-0.0161,0.0445,0.0379,0.131,0.0954,None
4.7739,-0.1324,0.0280,0.0130,-0.1471,0.0285,0.0466,-0.1365,0.0026,0.0389,-0.1237,-0.0094,0.0366,-0.1104,-0.0144,0.0427,0.0366,0.183,0.0936,None
4.7877,-0.1320,0.0300,0.0127,-0.1465,0.0303,0.0458,-0.1346,0.0042,0.0368,-0.1218,-0.0076,0.0345,-0.1093,-0.0127,0.0409,0.0354,0.174,0.0918,None
4.8012,-0.1319,0.0305,0.0125,-0.1464,0.0307,0.0454,-0.1324,0.0043,0.0347,-0.1192,-0.0072,0.0322,-0.1074,-0.0121,0.0388,0.0343,0.214,0.0897,None
4.8153,-0.1320,0.0304,0.0120,-0.1465,0.0308,0.0447,-0.1300,0.0041,0.0324,-0.1158,-0.0072,0.0293,-0.1051,-0.0118,0.0368,0.0333,0.213,0.0875,None
4.8298,-0.1321,0.0300,0.0117,-0.1467,0.0306,0.0442,-0.1272,0.0039,0.0302,-0.1105,-0.0074,0.0257,-0.1019,-0.0114,0.0347,0.0325,0.238,0.0848,None
4.8430,-0.1322,0.0299,0.0111,-0.1469,0.0305,0.0435,-0.1251,0.0038,0.0283,-0.1060,-0.0071,0.0230,-0.0989,-0.0108,0.0329,0.0320,0.199,0.0827,None
4.8572,-0.1323,0.0297,0.0106,-0.1470,0.0304,0.0428,-0.1232,0.0039,0.0267,-0.1025,-0.0067,0.0212,-0.0964,-0.0103,0.0314,0.0318,0.158,0.0809,None
4.8714,-0.1324,0.0297,0.0100,-0.1472,0.0303,0.0421,-0.1227,0.0039,0.0258,-0.1007,-0.0062,0.0203,-0.0947,-0.0100,0.0303,0.0318,0.044,0.0804,None
4.8849,-0.1325,0.0303,0.0092,-0.1472,0.0306,0.0415,-0.1227,0.0041,0.0251,-0.1006,-0.0060,0.0197,-0.0947,-0.0098,0.0296,0.0321,0.022,0.0803,None
4.8989,-0.1326,0.0308,0.0085,-0.1473,0.0310,0.0409,-0.1227,0.0045,0.0245,-0.1005,-0.0057,0.0191,-0.0947,-0.0096,0.0291,0.0324,0.022,0.0802,None
4.9130,-0.1327,0.0314,0.0079,-0.1473,0.0314,0.0406,-0.1227,0.0048,0.0241,-0.1005,-0.0054,0.0188,-0.0947,-0.0094,0.0287,0.0327,0.024,0.0802,None
4.9266,-0.1328,0.0319,0.0074,-0.1472,0.0318,0.0402,-0.1228,0.0051,0.0238,-0.1005,-0.0052,0.0185,-0.0948,-0.0092,0.0284,0.0330,0.019,0.0802,None
4.9411,-0.1328,0.0320,0.0070,-0.1473,0.0320,0.0399,-0.1228,0.0052,0.0235,-0.1004,-0.0051,0.0182,-0.0947,-0.0091,0.0281,0.0330,0.003,0.0801,None
4.9548,-0.1327,0.0322,0.0067,-0.1473,0.0322,0.0396,-0.1228,0.0053,0.0232,-0.1004,-0.0049,0.0180,-0.0947,-0.0090,0.0279,0.0330,0.004,0.0801,None
4.9678,-0.1327,0.0323,0.0065,-0.1473,0.0323,0.0394,-0.1227,0.0053,0.0230,-0.1003,-0.0049,0.0179,-0.0947,-0.0089,0.0278,0.0332,0.009,0.0800,None
4.9822,-0.1327,0.0324,0.0062,-0.1473,0.0323,0.0392,-0.1227,0.0053,0.0228,-0.1002,-0.0049,0.0178,-0.0946,-0.0089,0.0277,0.0333,0.009,0.0800,None
4.9965,-0.1327,0.0324,0.0061,-0.1474,0.0323,0.0393,-0.1227,0.0052,0.0227,-0.1003,-0.0050,0.0178,-0.0946,-0.0089,0.0277,0.0334,0.007,0.0799,None
5.0097,-0.1327,0.0322,0.0060,-0.1475,0.0321,0.0393,-0.1227,0.0051,0.0227,-0.1003,-0.0051,0.0178,-0.0947,-0.0091,0.0278,0.0334,0.005,0.0799,None
5.0242,-0.1327,0.0320,0.0059,-0.1475,0.0320,0.0393,-0.1227,0.0049,0.0227,-0.1004,-0.0053,0.0179,-0.0947,-0.0092,0.0278,0.0335,0.005,0.0799,None
5.0378,-0.1328,0.0318,0.0059,-0.1476,0.0319,0.0394,-0.1226,0.0047,0.0226,-0.1003,-0.0054,0.0179,-0.0947,-0.0093,0.0278,0.0335,0.007,0.0799,None
5.0519,-0.1328,0.0319,0.0055,-0.1477,0.0320,0.0390,-0.1225,0.0047,0.0222,-0.1002,-0.0053,0.0176,-0.0947,-0.0093,0.0275,0.0335,0.009,0.0797,None
5.0652,-0.1327,0.0320,0.0052,-0.1478,0.0322,0.0386,-0.1223,0.0049,0.0217,-0.1000,-0.0052,0.0172,-0.0945,-0.0091,0.0272,0.0334,0.015,0.0795,None
5.0795,-0.1327,0.0321,0.0049,-0.1479,0.0325,0.0383,-0.1220,0.0050,0.0212,-0.0991,-0.0049,0.0168,-0.0943,-0.0090,0.0268,0.0334,0.021,0.0792,None
5.0934,-0.1326,0.0323,0.0045,-0.1480,0.0327,0.0379,-0.1212,0.0052,0.0205,-0.0966,-0.0041,0.0162,-0.0936,-0.0087,0.0262,0.0334,0.061,0.0784,None
5.1070,-0.1325,0.0321,0.0047,-0.1480,0.0328,0.0381,-0.1211,0.0052,0.0205,-0.0964,-0.0041,0.0162,-0.0933,-0.0087,0.0262,0.0332,0.019,0.0783,None
5.1212,-0.1325,0.0321,0.0049,-0.1480,0.0328,0.0384,-0.1210,0.0051,0.0206,-0.0964,-0.0041,0.0164,-0.0932,-0.0088,0.0263,0.0333,0.005,0.0783,None
5.1347,-0.1325,0.0320,0.0052,-0.1480,0.0327,0.0389,-0.1210,0.0050,0.0210,-0.0965,-0.0043,0.0166,-0.0931,-0.0089,0.0265,0.0334,0.008,0.0783,None
5.1483,-0.1325,0.0320,0.0054,-0.1480,0.0326,0.0394,-0.1210,0.0048,0.0212,-0.0966,-0.0045,0.0169,-0.0931,-0.0091,0.0267,0.0335,0.008,0.0784,None
5.1632,-0.1325,0.0319,0.0056,-0.1480,0.0325,0.0397,-0.1210,0.0047,0.0214,-0.0966,-0.0046,0.0170,-0.0930,-0.0092,0.0269,0.0335,0.004,0.0784,None
5.1769,-0.1325,0.0317,0.0058,-0.1479,0.0325,0.0401,-0.1210,0.0045,0.0217,-0.0967,-0.0047,0.0173,-0.0930,-0.0093,0.0271,0.0335,0.005,0.0784,None
5.1908,-0.1325,0.0314,0.0061,-0.1479,0.0324,0.0405,-0.1210,0.0044,0.0220,-0.0969,-0.0049,0.0175,-0.0930,-0.0094,0.0273,0.0334,0.006,0.0784,None
5.2051,-0.1326,0.0309,0.0068,-0.1478,0.0321,0.0412,-0.1210,0.0041,0.0225,-0.0969,-0.0051,0.0180,-0.0929,-0.0096,0.0278,0.0332,0.016,0.0785,None
5.2179,-0.1327,0.0300,0.0080,-0.1476,0.0314,0.0425,-0.1210,0.0034,0.0236,-0.0970,-0.0057,0.0189,-0.0927,-0.0101,0.0286,0.0330,0.028,0.0786,None
5.2320,-0.1327,0.0293,0.0097,-0.1472,0.0309,0.0444,-0.1207,0.0030,0.0251,-0.0969,-0.0061,0.0202,-0.0923,-0.0104,0.0298,0.0328,0.026,0.0786,None
5.2464,-0.1325,0.0293,0.0120,-0.1464,0.0313,0.0468,-0.1203,0.0031,0.0273,-0.0966,-0.0060,0.0221,-0.0917,-0.0102,0.0316,0.0328,0.023,0.0787,None
5.2601,-0.1323,0.0293,0.0146,-0.1453,0.0318,0.0497,-0.1197,0.0033,0.0299,-0.0962,-0.0058,0.0242,-0.0910,-0.0099,0.0337,0.0327,0.027,0.0787,None
5.2740,-0.1316,0.0309,0.0173,-0.1438,0.0340,0.0527,-0.1189,0.0049,0.0327,-0.0958,-0.0046,0.0267,-0.0903,-0.0085,0.0361,0.0328,0.011,0.0787,None
5.2879,-0.1305,0.0340,0.0195,-0.1418,0.0379,0.0553,-0.1180,0.0079,0.0352,-0.0954,-0.0022,0.0290,-0.0897,-0.0060,0.0383,0.0329,0.025,0.0788,None
5.3017,-0.1287,0.0382,0.0231,-0.1387,0.0431,0.0593,-0.1165,0.0119,0.0390,-0.0946,0.0011,0.0322,-0.0885,-0.0026,0.0414,0.0330,0.022,0.0788,None
5.3155,-0.1259,0.0443,0.0274,-0.1342,0.0505,0.0639,-0.1142,0.0179,0.0433,-0.0932,0.0060,0.0360,-0.0869,0.0021,0.0450,0.0330,0.042,0.0788,None
5.3299,-0.1223,0.0521,0.0297,-0.1293,0.0595,0.0662,-0.1117,0.0253,0.0456,-0.0917,0.0121,0.0381,-0.0853,0.0080,0.0470,0.0329,0.077,0.0787,None
5.3435,-0.1180,0.0602,0.0317,-0.1237,0.0684,0.0682,-0.1086,0.0328,0.0472,-0.0897,0.0183,0.0395,-0.0835,0.0139,0.0483,0.0328,0.106,0.0784,None
5.3577,-0.1135,0.0676,0.0335,-0.1180,0.0765,0.0697,-0.1053,0.0397,0.0485,-0.0873,0.0240,0.0407,-0.0813,0.0193,0.0494,0.0327,0.094,0.0781,None
5.3714,-0.1080,0.0760,0.0336,-0.1116,0.0857,0.0696,-0.1005,0.0472,0.0475,-0.0845,0.0307,0.0404,-0.0770,0.0243,0.0465,0.0328,0.120,0.0767,None
5.3870,-0.1026,0.0783,0.0427,-0.1034,0.0936,0.0721,-0.0954,0.0543,0.0494,-0.0797,0.0361,0.0410,-0.0716,0.0284,0.0455,0.0259,0.559,0.0763,None
5.3992,-0.0969,0.0805,0.0514,-0.0941,0.1009,0.0750,-0.0900,0.0612,0.0520,-0.0760,0.0419,0.0432,-0.0682,0.0336,0.0474,0.0205,0.626,0.0763,None
5.4132,-0.0913,0.0850,0.0551,-0.0855,0.1076,0.0760,-0.0848,0.0679,0.0531,-0.0727,0.0477,0.0442,-0.0655,0.0388,0.0483,0.0183,0.245,0.0765,None
5.4271,-0.0860,0.0891,0.0575,-0.0777,0.1128,0.0767,-0.0826,0.0756,0.0567,-0.0746,0.0546,0.0478,-0.0640,0.0440,0.0503,0.0140,0.347,0.0803,None
5.4402,-0.0802,0.0947,0.0572,-0.0705,0.1177,0.0758,-0.0814,0.0848,0.0614,-0.0785,0.0655,0.0551,-0.0680,0.0545,0.0590,0.0108,0.585,0.0862,None
5.4542,-0.0774,0.0958,0.0593,-0.0674,0.1181,0.0767,-0.0806,0.0888,0.0674,-0.0795,0.0712,0.0636,-0.0691,0.0598,0.0680,0.0111,0.375,0.0901,None
5.4687,-0.0765,0.0952,0.0615,-0.0663,0.1176,0.0778,-0.0800,0.0902,0.0724,-0.0793,0.0741,0.0712,-0.0686,0.0620,0.0747,0.0125,0.243,0.0925,None
5.4822,-0.0768,0.0949,0.0616,-0.0669,0.1176,0.0768,-0.0803,0.0915,0.0745,-0.0794,0.0766,0.0753,-0.0686,0.0639,0.0782,0.0138,0.188,0.0941,None
5.4962,-0.0780,0.0953,0.0596,-0.0685,0.1182,0.0740,-0.0814,0.0923,0.0728,-0.0805,0.0780,0.0748,-0.0695,0.0656,0.0782,0.0140,0.039,0.0942,None
5.5103,-0.0784,0.0962,0.0576,-0.0691,0.1191,0.0715,-0.0819,0.0935,0.0709,-0.0809,0.0792,0.0731,-0.0700,0.0668,0.0768,0.0141,0.019,0.0943,None
5.5246,-0.0784,0.0973,0.0559,-0.0700,0.1190,0.0686,-0.0820,0.0948,0.0694,-0.0811,0.0805,0.0718,-0.0701,0.0681,0.0756,0.0141,0.019,0.0944,None
5.5382,-0.0793,0.0977,0.0540,-0.0725,0.1174,0.0653,-0.0832,0.0951,0.0674,-0.0823,0.0809,0.0698,-0.0713,0.0686,0.0738,0.0142,0.021,0.0944,None
5.5520,-0.0800,0.0977,0.0532,-0.0737,0.1166,0.0642,-0.0840,0.0949,0.0665,-0.0831,0.0805,0.0689,-0.0721,0.0683,0.0730,0.0142,0.024,0.0944,None
5.5658,-0.0806,0.0980,0.0524,-0.0742,0.1164,0.0641,-0.0845,0.0945,0.0663,-0.0835,0.0801,0.0685,-0.0726,0.0679,0.0726,0.0148,0.063,0.0944,None
5.5797,-0.0811,0.0985,0.0517,-0.0745,0.1162,0.0644,-0.0849,0.0942,0.0663,-0.0839,0.0797,0.0683,-0.0729,0.0675,0.0724,0.0157,0.078,0.0945,None
5.5938,-0.0815,0.0992,0.0507,-0.0746,0.1164,0.0650,-0.0852,0.0941,0.0665,-0.0841,0.0794,0.0682,-0.0731,0.0672,0.0722,0.0169,0.098,0.0946,None
5.6080,-0.0818,0.0997,0.0500,-0.0745,0.1177,0.0665,-0.0856,0.0950,0.0676,-0.0843,0.0791,0.0681,-0.0733,0.0669,0.0720,0.0186,0.132,0.0957,None
5.6212,-0.0822,0.0997,0.0498,-0.0748,0.1179,0.0673,-0.0864,0.0967,0.0697,-0.0847,0.0786,0.0680,-0.0737,0.0664,0.0718,0.0206,0.224,0.0976,None
5.6358,-0.0827,0.0993,0.0499,-0.0754,0.1173,0.0677,-0.0872,0.0976,0.0715,-0.0852,0.0778,0.0680,-0.0741,0.0656,0.0717,0.0221,0.142,0.0989,None
5.6488,-0.0833,0.0986,0.0503,-0.0760,0.1169,0.0688,-0.0880,0.0977,0.0732,-0.0857,0.0766,0.0681,-0.0746,0.0645,0.0718,0.0234,0.121,0.0999,None
5.6629,-0.0839,0.0980,0.0508,-0.0765,0.1168,0.0703,-0.0886,0.0978,0.0750,-0.0861,0.0755,0.0683,-0.0747,0.0630,0.0712,0.0246,0.103,0.1008,None
5.6766,-0.0844,0.0975,0.0510,-0.0768,0.1168,0.0714,-0.0890,0.0975,0.0758,-0.0864,0.0745,0.0683,-0.0746,0.0616,0.0702,0.0252,0.046,0.1011,None
5.6911,-0.0849,0.0971,0.0512,-0.0771,0.1169,0.0724,-0.0894,0.0973,0.0766,-0.0865,0.0734,0.0679,-0.0745,0.0603,0.0693,0.0258,0.043,0.1015,None
5.7049,-0.0852,0.0968,0.0512,-0.0774,0.1166,0.0727,-0.0898,0.0970,0.0768,-0.0861,0.0714,0.0660,-0.0742,0.0591,0.0679,0.0260,0.016,0.1016,None
5.7183,-0.0855,0.0967,0.0510,-0.0780,0.1163,0.0725,-0.0903,0.0966,0.0764,-0.0865,0.0710,0.0654,-0.0745,0.0585,0.0670,0.0259,0.028,0.1015,None
5.7329,-0.0859,0.0966,0.0506,-0.0786,0.1157,0.0720,-0.0910,0.0961,0.0757,-0.0870,0.0706,0.0647,-0.0751,0.0580,0.0662,0.0256,0.044,0.1013,None
5.7465,-0.0867,0.0960,0.0504,-0.0801,0.1137,0.0706,-0.0922,0.0950,0.0749,-0.0879,0.0697,0.0639,-0.0759,0.0568,0.0650,0.0251,0.062,0.1011,None
5.7601,-0.0877,0.0952,0.0501,-0.0819,0.1101,0.0678,-0.0936,0.0928,0.0731,-0.0891,0.0686,0.0628,-0.0768,0.0554,0.0635,0.0239,0.151,0.1002,None
5.7744,-0.0889,0.0941,0.0500,-0.0836,0.1071,0.0659,-0.0951,0.0906,0.0719,-0.0902,0.0667,0.0616,-0.0777,0.0536,0.0621,0.0230,0.114,0.0995,None
5.7884,-0.0901,0.0928,0.0502,-0.0851,0.1053,0.0659,-0.0965,0.0887,0.0716,-0.0912,0.0644,0.0604,-0.0781,0.0514,0.0608,0.0227,0.060,0.0993,None
5.8019,-0.0905,0.0924,0.0504,-0.0856,0.1047,0.0660,-0.0970,0.0878,0.0714,-0.0914,0.0632,0.0595,-0.0776,0.0501,0.0595,0.0224,0.042,0.0991,None
5.8160,-0.0909,0.0919,0.0504,-0.0863,0.1040,0.0660,-0.0976,0.0867,0.0709,-0.0917,0.0624,0.0592,-0.0776,0.0493,0.0591,0.0221,0.057,0.0988,None
5.8299,-0.0910,0.0912,0.0515,-0.0864,0.1031,0.0670,-0.0975,0.0852,0.0711,-0.0916,0.0614,0.0598,-0.0775,0.0484,0.0596,0.0216,0.088,0.0982,None
5.8438,-0.0907,0.0899,0.0540,-0.0860,0.1019,0.0694,-0.0970,0.0835,0.0733,-0.0910,0.0600,0.0617,-0.0768,0.0472,0.0612,0.0213,0.042,0.0981,None
5.8579,-0.0902,0.0885,0.0568,-0.0855,0.1007,0.0720,-0.0963,0.0818,0.0755,-0.0903,0.0586,0.0637,-0.0760,0.0459,0.0629,0.0208,0.044,0.0979,None
5.8717,-0.0893,0.0871,0.0600,-0.0837,0.1006,0.0765,-0.0949,0.0802,0.0787,-0.0890,0.0570,0.0664,-0.0747,0.0446,0.0651,0.0207,0.039,0.0979,None
5.8856,-0.0889,0.0861,0.0620,-0.0800,0.1056,0.0841,-0.0939,0.0791,0.0809,-0.0880,0.0557,0.0682,-0.0735,0.0436,0.0667,0.0208,0.044,0.0979,None
5.8993,-0.0878,0.0864,0.0632,-0.0743,0.1127,0.0910,-0.0922,0.0795,0.0825,-0.0863,0.0558,0.0696,-0.0719,0.0439,0.0680,0.0210,0.053,0.0978,None
5.9133,-0.0875,0.0883,0.0609,-0.0729,0.1163,0.0901,-0.0918,0.0813,0.0810,-0.0858,0.0574,0.0686,-0.0715,0.0455,0.0674,0.0217,0.057,0.0978,None
5.9272,-0.0872,0.0914,0.0570,-0.0720,0.1193,0.0884,-0.0913,0.0831,0.0794,-0.0854,0.0590,0.0676,-0.0712,0.0472,0.0667,0.0242,0.189,0.0977,None
5.9408,-0.0870,0.0955,0.0506,-0.0725,0.1211,0.0852,-0.0920,0.0850,0.0759,-0.0862,0.0611,0.0651,-0.0721,0.0491,0.0647,0.0279,0.281,0.0976,None
5.9544,-0.0863,0.0993,0.0442,-0.0730,0.1235,0.0810,-0.0925,0.0865,0.0706,-0.0871,0.0637,0.0618,-0.0732,0.0515,0.0621,0.0300,0.202,0.0966,None
5.9686,-0.0846,0.1031,0.0366,-0.0736,0.1281,0.0721,-0.0934,0.0919,0.0615,-0.0885,0.0691,0.0542,-0.0757,0.0568,0.0562,0.0287,0.244,0.0965,None
5.9823,-0.0794,0.1082,0.0296,-0.0732,0.1309,0.0604,-0.0912,0.0994,0.0516,-0.0875,0.0766,0.0455,-0.0772,0.0649,0.0505,0.0264,0.351,0.0963,None
5.9964,-0.0708,0.1144,0.0245,-0.0674,0.1349,0.0513,-0.0844,0.1054,0.0415,-0.0832,0.0851,0.0380,-0.0750,0.0730,0.0443,0.0235,0.380,0.0940,None
6.0103,-0.0601,0.1196,0.0218,-0.0575,0.1396,0.0450,-0.0752,0.1115,0.0333,-0.0766,0.0934,0.0314,-0.0704,0.0805,0.0381,0.0206,0.416,0.0921,None
6.0250,-0.0512,0.1222,0.0213,-0.0488,0.1422,0.0406,-0.0668,0.1156,0.0276,-0.0703,0.0995,0.0267,-0.0654,0.0831,0.0305,0.0181,0.368,0.0905,None
6.0385,-0.0417,0.1243,0.0196,-0.0385,0.1463,0.0363,-0.0578,0.1211,0.0220,-0.0627,0.1056,0.0211,-0.0593,0.0877,0.0241,0.0165,0.384,0.0902,None
6.0523,-0.0294,0.1292,0.0092,-0.0298,0.1498,0.0290,-0.0503,0.1250,0.0150,-0.0562,0.1100,0.0146,-0.0541,0.0921,0.0186,0.0221,0.435,0.0902,None
6.0664,-0.0246,0.1305,-0.0022,-0.0264,0.1502,0.0147,-0.0467,0.1271,0.0035,-0.0530,0.1115,0.0036,-0.0515,0.0945,0.0093,0.0231,0.101,0.0901,None
6.0799,-0.0236,0.1294,-0.0133,-0.0256,0.1446,-0.0034,-0.0445,0.1232,-0.0093,-0.0495,0.1049,-0.0078,-0.0480,0.0895,-0.0003,0.0222,0.251,0.0868,None
6.0939,-0.0229,0.1267,-0.0207,-0.0221,0.1413,-0.0151,-0.0405,0.1124,-0.0202,-0.0430,0.0927,-0.0152,-0.0427,0.0815,-0.0060,0.0227,0.667,0.0784,None
6.1077,-0.0228,0.1231,-0.0285,-0.0187,0.1382,-0.0262,-0.0374,0.1048,-0.0289,-0.0382,0.0853,-0.0203,-0.0392,0.0769,-0.0104,0.0235,0.375,0.0728,None
6.1217,-0.0226,0.1199,-0.0345,-0.0163,0.1356,-0.0349,-0.0354,0.0999,-0.0350,-0.0356,0.0815,-0.0242,-0.0370,0.0744,-0.0138,0.0237,0.179,0.0695,None
6.1357,-0.0219,0.1175,-0.0405,-0.0149,0.1321,-0.0423,-0.0337,0.0967,-0.0399,-0.0338,0.0792,-0.0277,-0.0359,0.0733,-0.0173,0.0239,0.121,0.0678,None
6.1499,-0.0189,0.1162,-0.0451,-0.0116,0.1300,-0.0477,-0.0312,0.0959,-0.0438,-0.0317,0.0787,-0.0309,-0.0341,0.0734,-0.0203,0.0238,0.070,0.0678,None
6.1636,-0.0177,0.1159,-0.0463,-0.0102,0.1297,-0.0491,-0.0301,0.0959,-0.0449,-0.0309,0.0787,-0.0319,-0.0334,0.0736,-0.0213,0.0236,0.027,0.0679,None
6.1777,-0.0160,0.1158,-0.0469,-0.0082,0.1295,-0.0501,-0.0287,0.0963,-0.0456,-0.0297,0.0790,-0.0325,-0.0324,0.0741,-0.0219,0.0234,0.040,0.0680,None
6.1913,-0.0144,0.1155,-0.0482,-0.0064,0.1291,-0.0516,-0.0274,0.0965,-0.0467,-0.0287,0.0790,-0.0335,-0.0320,0.0747,-0.0235,0.0230,0.048,0.0682,None
6.2053,-0.0151,0.1152,-0.0485,-0.0072,0.1297,-0.0524,-0.0279,0.0969,-0.0471,-0.0292,0.0788,-0.0339,-0.0343,0.0760,-0.0257,0.0223,0.052,0.0686,None
6.2189,-0.0175,0.1149,-0.0483,-0.0100,0.1304,-0.0525,-0.0299,0.0970,-0.0470,-0.0314,0.0787,-0.0343,-0.0385,0.0783,-0.0278,0.0218,0.038,0.0690,None
6.2332,-0.0195,0.1148,-0.0477,-0.0123,0.1311,-0.0521,-0.0320,0.0974,-0.0467,-0.0342,0.0794,-0.0349,-0.0411,0.0795,-0.0283,0.0215,0.037,0.0697,None
6.2468,-0.0208,0.1145,-0.0477,-0.0137,0.1312,-0.0522,-0.0334,0.0977,-0.0468,-0.0356,0.0796,-0.0353,-0.0421,0.0792,-0.0284,0.0211,0.040,0.0702,None
6.2607,-0.0221,0.1145,-0.0476,-0.0153,0.1313,-0.0521,-0.0346,0.0977,-0.0466,-0.0367,0.0793,-0.0352,-0.0430,0.0787,-0.0282,0.0209,0.014,0.0705,None
6.2749,-0.0227,0.1146,-0.0480,-0.0160,0.1318,-0.0521,-0.0351,0.0984,-0.0466,-0.0372,0.0793,-0.0353,-0.0435,0.0785,-0.0282,0.0204,0.052,0.0709,None
6.2886,-0.0233,0.1147,-0.0486,-0.0166,0.1324,-0.0523,-0.0356,0.0995,-0.0467,-0.0377,0.0792,-0.0355,-0.0438,0.0782,-0.0284,0.0197,0.075,0.0715,None
6.3025,-0.0242,0.1148,-0.0482,-0.0175,0.1328,-0.0519,-0.0362,0.1006,-0.0463,-0.0383,0.0792,-0.0353,-0.0444,0.0780,-0.0282,0.0187,0.079,0.0720,None
6.3160,-0.0253,0.1148,-0.0475,-0.0187,0.1330,-0.0513,-0.0372,0.1007,-0.0459,-0.0391,0.0791,-0.0351,-0.0452,0.0777,-0.0279,0.0185,0.025,0.0722,None
6.3308,-0.0268,0.1147,-0.0467,-0.0204,0.1332,-0.0505,-0.0384,0.1007,-0.0453,-0.0402,0.0790,-0.0348,-0.0462,0.0773,-0.0276,0.0183,0.023,0.0723,None
6.3441,-0.0278,0.1147,-0.0459,-0.0216,0.1335,-0.0498,-0.0393,0.1007,-0.0448,-0.0411,0.0790,-0.0345,-0.0472,0.0775,-0.0274,0.0181,0.021,0.0724,None
6.3580,-0.0288,0.1146,-0.0453,-0.0227,0.1338,-0.0491,-0.0401,0.1008,-0.0443,-0.0423,0.0795,-0.0345,-0.0485,0.0782,-0.0274,0.0179,0.019,0.0725,None
6.3720,-0.0296,0.1146,-0.0446,-0.0236,0.1342,-0.0483,-0.0408,0.1009,-0.0437,-0.0433,0.0799,-0.0343,-0.0495,0.0788,-0.0271,0.0178,0.014,0.0725,None
6.3855,-0.0300,0.1147,-0.0440,-0.0240,0.1345,-0.0476,-0.0411,0.1010,-0.0432,-0.0436,0.0801,-0.0340,-0.0498,0.0790,-0.0267,0.0177,0.008,0.0726,None
6.3994,-0.0303,0.1149,-0.0434,-0.0243,0.1348,-0.0469,-0.0414,0.1011,-0.0427,-0.0439,0.0802,-0.0337,-0.0501,0.0793,-0.0263,0.0177,0.004,0.0727,None
6.4142,-0.0306,0.1151,-0.0429,-0.0246,0.1351,-0.0462,-0.0417,0.1013,-0.0422,-0.0444,0.0806,-0.0335,-0.0503,0.0796,-0.0259,0.0177,0.004,0.0728,None
6.4276,-0.0307,0.1155,-0.0427,-0.0249,0.1354,-0.0453,-0.0425,0.1019,-0.0418,-0.0462,0.0822,-0.0340,-0.0506,0.0799,-0.0254,0.0180,0.054,0.0736,None
6.4416,-0.0309,0.1160,-0.0421,-0.0253,0.1357,-0.0442,-0.0442,0.1039,-0.0415,-0.0478,0.0837,-0.0340,-0.0509,0.0803,-0.0247,0.0180,0.155,0.0757,None
6.4551,-0.0311,0.1165,-0.0412,-0.0259,0.1361,-0.0428,-0.0462,0.1068,-0.0410,-0.0490,0.0849,-0.0335,-0.0513,0.0806,-0.0238,0.0180,0.225,0.0784,None
6.4694,-0.0313,0.1169,-0.0399,-0.0266,0.1365,-0.0412,-0.0477,0.1087,-0.0399,-0.0497,0.0853,-0.0326,-0.0517,0.0809,-0.0228,0.0183,0.137,0.0802,None
6.4832,-0.0315,0.1175,-0.0385,-0.0272,0.1368,-0.0394,-0.0483,0.1090,-0.0385,-0.0501,0.0855,-0.0314,-0.0521,0.0812,-0.0215,0.0188,0.036,0.0802,None
6.4975,-0.0316,0.1179,-0.0372,-0.0277,0.1371,-0.0378,-0.0488,0.1082,-0.0372,-0.0505,0.0856,-0.0302,-0.0524,0.0815,-0.0203,0.0197,0.087,0.0799,None
6.5112,-0.0316,0.1183,-0.0359,-0.0281,0.1373,-0.0363,-0.0492,0.1073,-0.0362,-0.0507,0.0857,-0.0291,-0.0525,0.0817,-0.0191,0.0208,0.105,0.0794,None
6.5251,-0.0311,0.1186,-0.0351,-0.0284,0.1375,-0.0349,-0.0495,0.1063,-0.0351,-0.0510,0.0857,-0.0279,-0.0527,0.0818,-0.0180,0.0221,0.113,0.0789,None
6.5385,-0.0293,0.1189,-0.0359,-0.0284,0.1376,-0.0337,-0.0495,0.1058,-0.0341,-0.0508,0.0851,-0.0270,-0.0525,0.0820,-0.0169,0.0241,0.193,0.0786,None
6.5527,-0.0280,0.1185,-0.0353,-0.0282,0.1377,-0.0326,-0.0493,0.1059,-0.0331,-0.0506,0.0851,-0.0262,-0.0523,0.0822,-0.0160,0.0249,0.096,0.0785,None
6.5667,-0.0273,0.1179,-0.0337,-0.0284,0.1378,-0.0311,-0.0494,0.1059,-0.0319,-0.0506,0.0850,-0.0251,-0.0524,0.0822,-0.0150,0.0253,0.076,0.0783,None
6.5802,-0.0281,0.1177,-0.0319,-0.0295,0.1378,-0.0295,-0.0502,0.1056,-0.0306,-0.0512,0.0847,-0.0240,-0.0530,0.0820,-0.0139,0.0252,0.039,0.0781,None
6.5945,-0.0298,0.1175,-0.0309,-0.0316,0.1375,-0.0282,-0.0519,0.1051,-0.0296,-0.0525,0.0840,-0.0232,-0.0543,0.0814,-0.0130,0.0254,0.030,0.0781,None
6.6083,-0.0325,0.1171,-0.0297,-0.0351,0.1369,-0.0268,-0.0546,0.1041,-0.0285,-0.0547,0.0830,-0.0223,-0.0564,0.0807,-0.0120,0.0256,0.040,0.0782,None
6.6220,-0.0355,0.1165,-0.0284,-0.0388,0.1363,-0.0253,-0.0574,0.1030,-0.0273,-0.0569,0.0818,-0.0214,-0.0589,0.0807,-0.0107,0.0258,0.041,0.0783,None
6.6360,-0.0392,0.1157,-0.0269,-0.0434,0.1352,-0.0235,-0.0609,0.1015,-0.0259,-0.0597,0.0803,-0.0203,-0.0616,0.0790,-0.0095,0.0260,0.049,0.0785,None
6.6503,-0.0420,0.1153,-0.0245,-0.0481,0.1318,-0.0221,-0.0636,0.1005,-0.0240,-0.0619,0.0791,-0.0189,-0.0638,0.0776,-0.0082,0.0262,0.056,0.0786,None
6.6640,-0.0436,0.1153,-0.0211,-0.0518,0.1268,-0.0208,-0.0660,0.1012,-0.0214,-0.0631,0.0787,-0.0171,-0.0651,0.0768,-0.0063,0.0265,0.092,0.0798,None
6.6781,-0.0441,0.1157,-0.0171,-0.0532,0.1250,-0.0178,-0.0677,0.1028,-0.0183,-0.0637,0.0788,-0.0149,-0.0657,0.0766,-0.0041,0.0269,0.139,0.0813,None
6.6913,-0.0446,0.1159,-0.0132,-0.0544,0.1238,-0.0145,-0.0694,0.1042,-0.0152,-0.0643,0.0788,-0.0128,-0.0664,0.0762,-0.0021,0.0274,0.133,0.0827,None
6.7055,-0.0451,0.1159,-0.0099,-0.0552,0.1240,-0.0110,-0.0711,0.1058,-0.0125,-0.0657,0.0797,-0.0114,-0.0671,0.0759,-0.0006,0.0280,0.149,0.0843,None
6.7192,-0.0460,0.1157,-0.0075,-0.0566,0.1243,-0.0083,-0.0723,0.1057,-0.0104,-0.0676,0.0803,-0.0100,-0.0679,0.0754,0.0008,0.0283,0.038,0.0847,None
6.7333,-0.0456,0.1160,-0.0050,-0.0568,0.1258,-0.0051,-0.0722,0.1061,-0.0081,-0.0680,0.0812,-0.0082,-0.0678,0.0757,0.0026,0.0285,0.025,0.0848,None
6.7474,-0.0447,0.1164,-0.0037,-0.0561,0.1266,-0.0033,-0.0716,0.1067,-0.0067,-0.0678,0.0820,-0.0072,-0.0675,0.0763,0.0037,0.0287,0.025,0.0849,None
6.7609,-0.0433,0.1170,-0.0019,-0.0547,0.1274,-0.0012,-0.0705,0.1075,-0.0048,-0.0671,0.0828,-0.0055,-0.0667,0.0771,0.0053,0.0289,0.030,0.0849,None
6.7746,-0.0409,0.1183,0.0003,-0.0521,0.1286,0.0016,-0.0684,0.1087,-0.0019,-0.0655,0.0840,-0.0029,-0.0649,0.0783,0.0079,0.0292,0.059,0.0848,None
6.7891,-0.0375,0.1207,0.0023,-0.0496,0.1297,0.0043,-0.0664,0.1097,0.0008,-0.0640,0.0851,-0.0004,-0.0632,0.0793,0.0104,0.0310,0.147,0.0846,None
6.8027,-0.0332,0.1238,0.0030,-0.0464,0.1307,0.0061,-0.0637,0.1112,0.0034,-0.0620,0.0866,0.0021,-0.0609,0.0807,0.0128,0.0330,0.212,0.0846,None
6.8167,-0.0314,0.1260,0.0045,-0.0428,0.1317,0.0074,-0.0606,0.1128,0.0058,-0.0596,0.0881,0.0046,-0.0581,0.0822,0.0152,0.0321,0.117,0.0845,None
6.8311,-0.0312,0.1269,0.0081,-0.0397,0.1325,0.0085,-0.0579,0.1144,0.0080,-0.0575,0.0895,0.0067,-0.0556,0.0834,0.0172,0.0294,0.212,0.0845,None
6.8442,-0.0328,0.1268,0.0126,-0.0402,0.1292,0.0075,-0.0567,0.1153,0.0103,-0.0564,0.0902,0.0089,-0.0542,0.0838,0.0192,0.0267,0.269,0.0847,None
6.8588,-0.0333,0.1265,0.0166,-0.0412,0.1287,0.0080,-0.0555,0.1164,0.0128,-0.0553,0.0908,0.0111,-0.0528,0.0841,0.0212,0.0247,0.186,0.0851,None
6.8725,-0.0362,0.1255,0.0197,-0.0444,0.1280,0.0089,-0.0574,0.1175,0.0151,-0.0563,0.0902,0.0125,-0.0535,0.0832,0.0223,0.0231,0.181,0.0866,None
6.8863,-0.0387,0.1248,0.0209,-0.0471,0.1256,0.0094,-0.0595,0.1164,0.0163,-0.0579,0.0892,0.0133,-0.0551,0.0819,0.0229,0.0229,0.043,0.0867,None
6.9002,-0.0431,0.1231,0.0229,-0.0512,0.1237,0.0114,-0.0633,0.1140,0.0179,-0.0610,0.0872,0.0144,-0.0580,0.0795,0.0238,0.0228,0.071,0.0866,None
6.9142,-0.0476,0.1211,0.0247,-0.0554,0.1215,0.0131,-0.0673,0.1112,0.0193,-0.0642,0.0850,0.0155,-0.0609,0.0770,0.0247,0.0227,0.072,0.0865,None
6.9276,-0.0509,0.1193,0.0266,-0.0585,0.1195,0.0149,-0.0702,0.1089,0.0209,-0.0665,0.0831,0.0168,-0.0629,0.0748,0.0257,0.0226,0.060,0.0864,None
6.9418,-0.0534,0.1179,0.0281,-0.0603,0.1166,0.0157,-0.0723,0.1069,0.0223,-0.0682,0.0814,0.0181,-0.0644,0.0730,0.0268,0.0226,0.047,0.0862,None
6.9554,-0.0558,0.1163,0.0295,-0.0607,0.1119,0.0153,-0.0743,0.1048,0.0237,-0.0698,0.0797,0.0194,-0.0657,0.0712,0.0279,0.0225,0.050,0.0860,None
6.9700,-0.0573,0.1152,0.0308,-0.0599,0.1078,0.0149,-0.0755,0.1033,0.0251,-0.0708,0.0784,0.0207,-0.0664,0.0698,0.0290,0.0224,0.033,0.0858,None
6.9834,-0.0582,0.1133,0.0330,-0.0588,0.1046,0.0148,-0.0748,0.0998,0.0252,-0.0712,0.0773,0.0221,-0.0665,0.0687,0.0302,0.0227,0.227,0.0833,None
6.9974,-0.0583,0.1121,0.0338,-0.0573,0.1021,0.0144,-0.0711,0.0943,0.0233,-0.0713,0.0763,0.0229,-0.0648,0.0666,0.0308,0.0243,0.451,0.0776,None
7.0115,-0.0578,0.1124,0.0323,-0.0562,0.1006,0.0139,-0.0681,0.0908,0.0218,-0.0662,0.0719,0.0217,-0.0622,0.0642,0.0306,0.0260,0.324,0.0734,None
7.0250,-0.0576,0.1128,0.0306,-0.0553,0.0994,0.0135,-0.0660,0.0885,0.0210,-0.0617,0.0687,0.0213,-0.0590,0.0616,0.0303,0.0274,0.254,0.0706,None
7.0392,-0.0579,0.1128,0.0299,-0.0551,0.0993,0.0130,-0.0649,0.0878,0.0202,-0.0585,0.0670,0.0209,-0.0571,0.0604,0.0299,0.0277,0.107,0.0693,None
7.0528,-0.0580,0.1129,0.0292,-0.0550,0.0995,0.0126,-0.0648,0.0878,0.0196,-0.0579,0.0669,0.0204,-0.0568,0.0603,0.0294,0.0277,0.021,0.0692,None
7.0669,-0.0582,0.1129,0.0289,-0.0552,0.0997,0.0125,-0.0650,0.0879,0.0193,-0.0581,0.0669,0.0201,-0.0570,0.0602,0.0290,0.0276,0.008,0.0693,None
7.0811,-0.0583,0.1129,0.0291,-0.0578,0.1022,0.0144,-0.0652,0.0880,0.0197,-0.0587,0.0672,0.0203,-0.0575,0.0602,0.0291,0.0275,0.015,0.0696,None
7.0944,-0.0582,0.1131,0.0300,-0.0640,0.1092,0.0198,-0.0692,0.0919,0.0224,-0.0692,0.0742,0.0225,-0.0654,0.0655,0.0307,0.0251,0.438,0.0746,None
7.1089,-0.0582,0.1144,0.0302,-0.0674,0.1157,0.0268,-0.0750,0.0974,0.0271,-0.0758,0.0796,0.0259,-0.0710,0.0698,0.0336,0.0241,0.585,0.0822,None
7.1230,-0.0578,0.1167,0.0297,-0.0677,0.1214,0.0345,-0.0782,0.1009,0.0315,-0.0791,0.0830,0.0293,-0.0738,0.0719,0.0362,0.0258,0.437,0.0868,None
7.1363,-0.0576,0.1180,0.0297,-0.0685,0.1222,0.0380,-0.0797,0.1019,0.0341,-0.0806,0.0838,0.0312,-0.0753,0.0723,0.0378,0.0277,0.241,0.0887,None
7.1504,-0.0578,0.1179,0.0307,-0.0692,0.1219,0.0401,-0.0802,0.1013,0.0351,-0.0811,0.0834,0.0319,-0.0758,0.0717,0.0383,0.0283,0.042,0.0887,None
7.1648,-0.0582,0.1174,0.0322,-0.0696,0.1210,0.0419,-0.0806,0.1005,0.0365,-0.0815,0.0827,0.0331,-0.0762,0.0709,0.0393,0.0284,0.019,0.0888,None
7.1781,-0.0584,0.1167,0.0342,-0.0698,0.1200,0.0439,-0.0808,0.0997,0.0384,-0.0816,0.0821,0.0347,-0.0763,0.0701,0.0406,0.0283,0.012,0.0888,None
7.1918,-0.0587,0.1159,0.0362,-0.0700,0.1189,0.0459,-0.0810,0.0990,0.0402,-0.0818,0.0815,0.0363,-0.0765,0.0693,0.0419,0.0283,0.012,0.0888,None
7.2063,-0.0597,0.1137,0.0395,-0.0708,0.1170,0.0484,-0.0816,0.0973,0.0427,-0.0824,0.0801,0.0387,-0.0769,0.0679,0.0441,0.0276,0.073,0.0888,None
7.2194,-0.0605,0.1112,0.0426,-0.0713,0.1146,0.0495,-0.0821,0.0957,0.0444,-0.0829,0.0790,0.0406,-0.0774,0.0668,0.0458,0.0267,0.125,0.0887,None
7.2334,-0.0608,0.1101,0.0438,-0.0718,0.1125,0.0499,-0.0827,0.0945,0.0456,-0.0836,0.0781,0.0419,-0.0780,0.0658,0.0470,0.0269,0.020,0.0886,None
7.2475,-0.0614,0.1099,0.0437,-0.0729,0.1108,0.0503,-0.0837,0.0931,0.0462,-0.0846,0.0771,0.0426,-0.0792,0.0654,0.0486,0.0281,0.103,0.0885,None
7.2612,-0.0622,0.1091,0.0444,-0.0736,0.1098,0.0510,-0.0843,0.0920,0.0466,-0.0854,0.0764,0.0433,-0.0806,0.0657,0.0508,0.0280,0.029,0.0884,None
7.2751,-0.0627,0.1083,0.0455,-0.0740,0.1088,0.0522,-0.0847,0.0912,0.0478,-0.0860,0.0762,0.0449,-0.0833,0.0675,0.0556,0.0279,0.007,0.0884,None
7.2890,-0.0632,0.1074,0.0467,-0.0744,0.1079,0.0534,-0.0851,0.0905,0.0490,-0.0876,0.0777,0.0491,-0.0853,0.0686,0.0601,0.0278,0.009,0.0885,None
7.3030,-0.0642,0.1065,0.0474,-0.0754,0.1067,0.0541,-0.0859,0.0894,0.0497,-0.0891,0.0776,0.0510,-0.0870,0.0688,0.0633,0.0278,0.013,0.0886,None
7.3164,-0.0652,0.1053,0.0487,-0.0764,0.1054,0.0554,-0.0869,0.0882,0.0510,-0.0913,0.0778,0.0542,-0.0884,0.0684,0.0670,0.0278,0.004,0.0888,None
7.3309,-0.0671,0.1030,0.0509,-0.0784,0.1027,0.0575,-0.0887,0.0855,0.0529,-0.0935,0.0756,0.0567,-0.0900,0.0657,0.0693,0.0279,0.035,0.0889,None
7.3447,-0.0711,0.0984,0.0545,-0.0823,0.0973,0.0615,-0.0919,0.0799,0.0566,-0.0962,0.0696,0.0602,-0.0920,0.0595,0.0723,0.0279,0.094,0.0891,None
7.3584,-0.0749,0.0934,0.0582,-0.0860,0.0915,0.0654,-0.0949,0.0739,0.0602,-0.0986,0.0633,0.0635,-0.0938,0.0529,0.0752,0.0280,0.096,0.0892,None
7.3722,-0.0789,0.0870,0.0629,-0.0896,0.0842,0.0705,-0.0977,0.0662,0.0646,-0.1008,0.0553,0.0676,-0.0952,0.0448,0.0787,0.0280,0.120,0.0893,None
7.3865,-0.0824,0.0798,0.0678,-0.0927,0.0762,0.0758,-0.0998,0.0580,0.0691,-0.1023,0.0469,0.0718,-0.0959,0.0361,0.0823,0.0279,0.122,0.0893,None
7.4000,-0.0857,0.0719,0.0723,-0.0953,0.0677,0.0807,-0.1015,0.0492,0.0734,-0.1033,0.0379,0.0758,-0.0959,0.0272,0.0858,0.0277,0.141,0.0893,None
7.4141,-0.0879,0.0642,0.0771,-0.0966,0.0593,0.0859,-0.1019,0.0405,0.0778,-0.1029,0.0291,0.0801,-0.0946,0.0185,0.0894,0.0275,0.145,0.0892,None
7.4285,-0.0862,0.0526,0.0885,-0.0917,0.0457,0.1009,-0.0962,0.0259,0.0899,-0.0957,0.0144,0.0919,-0.0852,0.0045,0.1000,0.0286,0.357,0.0890,None
7.4418,-0.0826,0.0349,0.1036,-0.0771,0.0247,0.1310,-0.0817,0.0017,0.1062,-0.0787,-0.0095,0.1074,-0.0652,-0.0173,0.1129,0.0333,0.947,0.0890,None
7.4556,-0.0771,0.0181,0.1136,-0.0595,0.0131,0.1492,-0.0692,-0.0137,0.1096,-0.0638,-0.0236,0.1148,-0.0487,-0.0297,0.1185,0.0330,0.715,0.0872,None
7.4698,-0.0667,-0.0020,0.1225,-0.0374,-0.0021,0.1634,-0.0544,-0.0319,0.1087,-0.0456,-0.0406,0.1188,-0.0287,-0.0442,0.1213,0.0351,0.767,0.0850,None
7.4834,-0.0589,-0.0170,0.1259,-0.0204,-0.0124,0.1699,-0.0437,-0.0463,0.1087,-0.0320,-0.0530,0.1183,-0.0140,-0.0543,0.1205,0.0372,0.332,0.0863,None
7.4973,-0.0564,-0.0233,0.1260,-0.0161,-0.0149,0.1715,-0.0403,-0.0509,0.1045,-0.0287,-0.0574,0.1138,-0.0121,-0.0563,0.1130,0.0386,0.336,0.0850,None
7.5116,-0.0603,-0.0188,0.1250,-0.0220,-0.0103,0.1707,-0.0441,-0.0469,0.1040,-0.0340,-0.0535,0.1105,-0.0179,-0.0507,0.1070,0.0386,0.058,0.0847,None
7.5251,-0.0621,-0.0167,0.1244,-0.0270,-0.0105,0.1682,-0.0456,-0.0449,0.1038,-0.0365,-0.0506,0.1044,-0.0199,-0.0475,0.1035,0.0385,0.034,0.0845,None
7.5390,-0.0667,-0.0076,0.1227,-0.0342,-0.0020,0.1663,-0.0508,-0.0362,0.1013,-0.0411,-0.0398,0.0935,-0.0252,-0.0390,0.0987,0.0392,0.081,0.0823,None
7.5530,-0.0699,-0.0021,0.1209,-0.0373,0.0053,0.1654,-0.0505,-0.0245,0.0894,-0.0399,-0.0288,0.0806,-0.0264,-0.0310,0.0896,0.0433,0.875,0.0716,None
7.5669,-0.0715,0.0009,0.1197,-0.0387,0.0096,0.1648,-0.0467,-0.0149,0.0810,-0.0352,-0.0201,0.0719,-0.0242,-0.0248,0.0796,0.0486,0.811,0.0613,None
7.5807,-0.0718,0.0013,0.1194,-0.0392,0.0101,0.1645,-0.0422,-0.0091,0.0762,-0.0304,-0.0153,0.0673,-0.0202,-0.0212,0.0730,0.0534,0.612,0.0536,None
7.5948,-0.0710,0.0000,0.1197,-0.0392,0.0092,0.1645,-0.0390,-0.0062,0.0740,-0.0274,-0.0133,0.0659,-0.0168,-0.0194,0.0697,0.0561,0.386,0.0488,None
7.6090,-0.0703,-0.0019,0.1200,-0.0389,0.0077,0.1645,-0.0371,-0.0054,0.0732,-0.0259,-0.0131,0.0656,-0.0148,-0.0190,0.0685,0.0575,0.226,0.0464,None
7.6225,-0.0697,-0.0035,0.1202,-0.0386,0.0064,0.1646,-0.0359,-0.0049,0.0727,-0.0249,-0.0131,0.0654,-0.0133,-0.0188,0.0678,0.0583,0.163,0.0449,None
7.6367,-0.0696,-0.0045,0.1201,-0.0389,0.0057,0.1645,-0.0352,-0.0046,0.0723,-0.0246,-0.0133,0.0652,-0.0127,-0.0188,0.0676,0.0589,0.114,0.0437,None
7.6506,-0.0701,-0.0048,0.1198,-0.0396,0.0055,0.1642,-0.0353,-0.0044,0.0720,-0.0246,-0.0132,0.0649,-0.0128,-0.0187,0.0675,0.0591,0.040,0.0434,None
7.6642,-0.0707,-0.0044,0.1194,-0.0405,0.0059,0.1639,-0.0355,-0.0039,0.0717,-0.0249,-0.0129,0.0647,-0.0131,-0.0185,0.0674,0.0593,0.028,0.0432,None
7.6777,-0.0713,-0.0037,0.1190,-0.0413,0.0065,0.1636,-0.0358,-0.0033,0.0714,-0.0252,-0.0125,0.0645,-0.0135,-0.0182,0.0672,0.0594,0.026,0.0430,None
7.6924,-0.0718,-0.0031,0.1186,-0.0421,0.0070,0.1634,-0.0360,-0.0028,0.0711,-0.0255,-0.0121,0.0643,-0.0138,-0.0180,0.0671,0.0595,0.022,0.0428,None
7.7054,-0.0724,-0.0024,0.1182,-0.0429,0.0075,0.1631,-0.0363,-0.0022,0.0708,-0.0258,-0.0118,0.0641,-0.0142,-0.0178,0.0669,0.0596,0.030,0.0425,None
7.7194,-0.0732,-0.0023,0.1176,-0.0439,0.0072,0.1628,-0.0367,-0.0020,0.0704,-0.0262,-0.0117,0.0638,-0.0147,-0.0179,0.0667,0.0598,0.034,0.0424,None
7.7339,-0.0741,-0.0027,0.1170,-0.0451,0.0065,0.1625,-0.0371,-0.0021,0.0700,-0.0266,-0.0119,0.0634,-0.0151,-0.0182,0.0664,0.0599,0.039,0.0422,None
7.7475,-0.0750,-0.0036,0.1164,-0.0461,0.0051,0.1622,-0.0375,-0.0025,0.0696,-0.0270,-0.0123,0.0631,-0.0155,-0.0187,0.0660,0.0600,0.054,0.0420,None
7.7616,-0.0757,-0.0049,0.1159,-0.0469,0.0034,0.1620,-0.0378,-0.0032,0.0694,-0.0272,-0.0129,0.0628,-0.0158,-0.0194,0.0657,0.0600,0.057,0.0419,None
7.7750,-0.0760,-0.0065,0.1155,-0.0474,0.0015,0.1619,-0.0379,-0.0040,0.0692,-0.0273,-0.0137,0.0625,-0.0158,-0.0201,0.0654,0.0601,0.063,0.0418,None
7.7887,-0.0764,-0.0083,0.1151,-0.0479,-0.0006,0.1618,-0.0381,-0.0049,0.0690,-0.0273,-0.0145,0.0623,-0.0159,-0.0209,0.0652,0.0601,0.066,0.0417,None
7.8035,-0.0768,-0.0096,0.1147,-0.0483,-0.0022,0.1616,-0.0384,-0.0058,0.0689,-0.0276,-0.0152,0.0622,-0.0161,-0.0217,0.0650,0.0599,0.038,0.0418,None
7.8172,-0.0769,-0.0109,0.1145,-0.0485,-0.0037,0.1616,-0.0386,-0.0067,0.0689,-0.0278,-0.0160,0.0621,-0.0163,-0.0224,0.0648,0.0597,0.034,0.0421,None
7.8313,-0.0771,-0.0116,0.1142,-0.0488,-0.0047,0.1614,-0.0390,-0.0073,0.0689,-0.0282,-0.0165,0.0622,-0.0168,-0.0230,0.0648,0.0593,0.025,0.0425,None
7.8447,-0.0771,-0.0124,0.1141,-0.0487,-0.0057,0.1614,-0.0416,-0.0106,0.0698,-0.0284,-0.0172,0.0622,-0.0193,-0.0251,0.0654,0.0567,0.278,0.0462,None
7.8588,-0.0770,-0.0133,0.1140,-0.0487,-0.0067,0.1614,-0.0446,-0.0143,0.0710,-0.0298,-0.0188,0.0635,-0.0225,-0.0277,0.0675,0.0539,0.309,0.0506,None
7.8724,-0.0768,-0.0143,0.1140,-0.0485,-0.0078,0.1614,-0.0459,-0.0165,0.0717,-0.0311,-0.0205,0.0644,-0.0238,-0.0292,0.0685,0.0524,0.151,0.0527,None
7.8870,-0.0764,-0.0153,0.1140,-0.0480,-0.0088,0.1615,-0.0457,-0.0172,0.0719,-0.0315,-0.0215,0.0647,-0.0237,-0.0298,0.0686,0.0521,0.028,0.0529,None
7.9003,-0.0763,-0.0159,0.1140,-0.0479,-0.0092,0.1615,-0.0457,-0.0176,0.0721,-0.0315,-0.0219,0.0648,-0.0237,-0.0301,0.0686,0.0519,0.022,0.0531,None
7.9141,-0.0763,-0.0165,0.1139,-0.0480,-0.0097,0.1615,-0.0458,-0.0180,0.0721,-0.0316,-0.0222,0.0649,-0.0237,-0.0303,0.0686,0.0517,0.020,0.0532,None
7.9279,-0.0763,-0.0169,0.1137,-0.0480,-0.0100,0.1615,-0.0458,-0.0182,0.0721,-0.0318,-0.0225,0.0649,-0.0237,-0.0305,0.0686,0.0516,0.016,0.0533,None
7.9423,-0.0766,-0.0173,0.1134,-0.0483,-0.0103,0.1614,-0.0460,-0.0185,0.0720,-0.0320,-0.0227,0.0649,-0.0239,-0.0307,0.0685,0.0515,0.018,0.0533,None
7.9561,-0.0769,-0.0176,0.1132,-0.0487,-0.0106,0.1614,-0.0462,-0.0187,0.0720,-0.0322,-0.0230,0.0648,-0.0240,-0.0308,0.0684,0.0514,0.018,0.0534,None
7.9698,-0.0771,-0.0180,0.1129,-0.0490,-0.0109,0.1613,-0.0464,-0.0189,0.0719,-0.0324,-0.0232,0.0648,-0.0242,-0.0310,0.0683,0.0512,0.018,0.0535,None
7.9840,-0.0774,-0.0184,0.1126,-0.0494,-0.0111,0.1612,-0.0466,-0.0192,0.0718,-0.0326,-0.0234,0.0647,-0.0243,-0.0311,0.0682,0.0511,0.019,0.0536,None
7.9976,-0.0777,-0.0187,0.1123,-0.0499,-0.0112,0.1610,-0.0468,-0.0193,0.0717,-0.0328,-0.0235,0.0646,-0.0244,-0.0311,0.0681,0.0510,0.020,0.0536,None
8.0115,-0.0779,-0.0190,0.1121,-0.0503,-0.0113,0.1609,-0.0468,-0.0194,0.0716,-0.0329,-0.0236,0.0646,-0.0244,-0.0311,0.0680,0.0510,0.018,0.0536,None
8.0258,-0.0780,-0.0193,0.1119,-0.0506,-0.0115,0.1607,-0.0469,-0.0196,0.0715,-0.0330,-0.0237,0.0645,-0.0244,-0.0311,0.0679,0.0510,0.018,0.0536,None
8.0397,-0.0782,-0.0195,0.1117,-0.0509,-0.0116,0.1606,-0.0469,-0.0196,0.0714,-0.0330,-0.0237,0.0645,-0.0243,-0.0310,0.0678,0.0510,0.018,0.0536,None
8.0532,-0.0783,-0.0197,0.1115,-0.0511,-0.0117,0.1605,-0.0469,-0.0195,0.0713,-0.0330,-0.0237,0.0644,-0.0242,-0.0310,0.0676,0.0510,0.023,0.0534,None
8.0673,-0.0784,-0.0200,0.1113,-0.0513,-0.0119,0.1603,-0.0468,-0.0195,0.0711,-0.0330,-0.0237,0.0643,-0.0231,-0.0300,0.0668,0.0511,0.027,0.0533,None
8.0808,-0.0785,-0.0202,0.1112,-0.0514,-0.0121,0.1603,-0.0467,-0.0193,0.0710,-0.0329,-0.0236,0.0642,-0.0215,-0.0288,0.0660,0.0513,0.035,0.0530,None
8.0946,-0.0784,-0.0205,0.1112,-0.0512,-0.0123,0.1603,-0.0460,-0.0188,0.0706,-0.0326,-0.0235,0.0641,-0.0204,-0.0281,0.0655,0.0519,0.074,0.0522,None
8.1094,-0.0783,-0.0206,0.1112,-0.0509,-0.0122,0.1603,-0.0448,-0.0175,0.0700,-0.0323,-0.0233,0.0640,-0.0197,-0.0276,0.0653,0.0532,0.127,0.0505,None
8.1227,-0.0781,-0.0207,0.1113,-0.0507,-0.0122,0.1604,-0.0431,-0.0157,0.0695,-0.0318,-0.0229,0.0639,-0.0192,-0.0273,0.0652,0.0548,0.189,0.0483,None
8.1367,-0.0779,-0.0207,0.1114,-0.0504,-0.0119,0.1604,-0.0419,-0.0143,0.0693,-0.0311,-0.0223,0.0637,-0.0187,-0.0270,0.0651,0.0558,0.126,0.0466,None
8.1508,-0.0777,-0.0206,0.1114,-0.0502,-0.0115,0.1605,-0.0411,-0.0134,0.0692,-0.0308,-0.0220,0.0636,-0.0181,-0.0265,0.0648,0.0563,0.071,0.0457,None
8.1643,-0.0774,-0.0204,0.1116,-0.0499,-0.0110,0.1606,-0.0406,-0.0126,0.0692,-0.0305,-0.0216,0.0636,-0.0173,-0.0259,0.0644,0.0567,0.049,0.0451,None
8.1783,-0.0769,-0.0199,0.1120,-0.0493,-0.0099,0.1608,-0.0396,-0.0114,0.0691,-0.0300,-0.0209,0.0637,-0.0165,-0.0251,0.0640,0.0574,0.063,0.0441,None
8.1926,-0.0761,-0.0189,0.1126,-0.0485,-0.0082,0.1611,-0.0386,-0.0100,0.0692,-0.0294,-0.0201,0.0639,-0.0157,-0.0241,0.0639,0.0581,0.055,0.0431,None
8.2063,-0.0754,-0.0175,0.1132,-0.0477,-0.0062,0.1613,-0.0376,-0.0085,0.0693,-0.0289,-0.0190,0.0642,-0.0150,-0.0230,0.0639,0.0586,0.043,0.0423,None
8.2202,-0.0747,-0.0160,0.1138,-0.0493,-0.0058,0.1589,-0.0373,-0.0072,0.0694,-0.0285,-0.0179,0.0643,-0.0146,-0.0220,0.0638,0.0587,0.048,0.0421,None
8.2343,-0.0742,-0.0146,0.1141,-0.0524,-0.0070,0.1542,-0.0371,-0.0060,0.0693,-0.0282,-0.0167,0.0638,-0.0143,-0.0210,0.0635,0.0588,0.032,0.0418,None
8.2483,-0.0742,-0.0135,0.1142,-0.0542,-0.0072,0.1509,-0.0368,-0.0050,0.0693,-0.0278,-0.0158,0.0632,-0.0140,-0.0203,0.0630,0.0590,0.018,0.0414,None
8.2617,-0.0744,-0.0130,0.1141,-0.0548,-0.0067,0.1502,-0.0362,-0.0039,0.0691,-0.0277,-0.0153,0.0629,-0.0140,-0.0200,0.0629,0.0596,0.067,0.0404,None
8.2754,-0.0748,-0.0128,0.1138,-0.0555,-0.0064,0.1499,-0.0359,-0.0031,0.0689,-0.0277,-0.0150,0.0627,-0.0140,-0.0198,0.0628,0.0602,0.073,0.0396,None
8.2899,-0.0752,-0.0126,0.1135,-0.0562,-0.0061,0.1496,-0.0355,-0.0024,0.0686,-0.0277,-0.0147,0.0624,-0.0141,-0.0197,0.0626,0.0608,0.068,0.0387,None
8.3032,-0.0758,-0.0128,0.1131,-0.0570,-0.0061,0.1493,-0.0354,-0.0020,0.0683,-0.0277,-0.0146,0.0622,-0.0142,-0.0196,0.0625,0.0612,0.068,0.0381,None
8.3172,-0.0762,-0.0134,0.1127,-0.0575,-0.0064,0.1493,-0.0354,-0.0019,0.0681,-0.0277,-0.0146,0.0619,-0.0142,-0.0197,0.0623,0.0615,0.057,0.0377,None
8.3312,-0.0766,-0.0140,0.1123,-0.0575,-0.0064,0.1501,-0.0354,-0.0019,0.0680,-0.0276,-0.0147,0.0617,-0.0141,-0.0198,0.0621,0.0618,0.058,0.0374,None
8.3450,-0.0769,-0.0148,0.1120,-0.0560,-0.0051,0.1539,-0.0353,-0.0019,0.0679,-0.0272,-0.0146,0.0615,-0.0140,-0.0200,0.0619,0.0621,0.064,0.0369,None
8.3586,-0.0773,-0.0155,0.1117,-0.0548,-0.0042,0.1565,-0.0351,-0.0019,0.0678,-0.0267,-0.0144,0.0613,-0.0139,-0.0202,0.0617,0.0624,0.067,0.0365,None
8.3731,-0.0778,-0.0165,0.1113,-0.0544,-0.0043,0.1578,-0.0352,-0.0022,0.0677,-0.0265,-0.0146,0.0610,-0.0139,-0.0206,0.0615,0.0626,0.060,0.0362,None
8.3868,-0.0785,-0.0178,0.1106,-0.0546,-0.0054,0.1584,-0.0354,-0.0027,0.0674,-0.0266,-0.0150,0.0606,-0.0140,-0.0212,0.0611,0.0629,0.077,0.0359,None
8.4009,-0.0802,-0.0192,0.1092,-0.0567,-0.0075,0.1576,-0.0362,-0.0035,0.0669,-0.0272,-0.0157,0.0600,-0.0148,-0.0220,0.0606,0.0631,0.100,0.0357,None
8.4143,-0.0825,-0.0204,0.1074,-0.0596,-0.0096,0.1565,-0.0373,-0.0042,0.0661,-0.0282,-0.0164,0.0592,-0.0158,-0.0227,0.0599,0.0633,0.121,0.0356,None
8.4282,-0.0848,-0.0212,0.1054,-0.0628,-0.0115,0.1550,-0.0385,-0.0047,0.0653,-0.0294,-0.0169,0.0584,-0.0170,-0.0234,0.0592,0.0634,0.118,0.0354,None
8.4423,-0.0868,-0.0219,0.1036,-0.0656,-0.0132,0.1537,-0.0395,-0.0052,0.0646,-0.0304,-0.0173,0.0576,-0.0181,-0.0240,0.0585,0.0636,0.103,0.0353,None
8.4564,-0.0889,-0.0225,0.1018,-0.0684,-0.0148,0.1522,-0.0406,-0.0057,0.0638,-0.0313,-0.0178,0.0569,-0.0191,-0.0246,0.0579,0.0637,0.103,0.0352,None
8.4699,-0.0906,-0.0228,0.1002,-0.0708,-0.0160,0.1509,-0.0415,-0.0059,0.0631,-0.0322,-0.0180,0.0562,-0.0201,-0.0250,0.0573,0.0638,0.090,0.0350,None
8.4838,-0.0918,-0.0233,0.0990,-0.0727,-0.0171,0.1498,-0.0421,-0.0062,0.0626,-0.0328,-0.0182,0.0557,-0.0207,-0.0254,0.0568,0.0639,0.068,0.0349,None
8.4984,-0.0931,-0.0236,0.0978,-0.0746,-0.0180,0.1487,-0.0428,-0.0064,0.0621,-0.0333,-0.0184,0.0551,-0.0213,-0.0256,0.0564,0.0640,0.066,0.0347,None
8.5114,-0.0938,-0.0245,0.0969,-0.0758,-0.0191,0.1478,-0.0431,-0.0068,0.0617,-0.0336,-0.0187,0.0548,-0.0215,-0.0259,0.0561,0.0642,0.060,0.0346,None
8.5258,-0.0945,-0.0252,0.0960,-0.0769,-0.0201,0.1471,-0.0435,-0.0071,0.0614,-0.0338,-0.0190,0.0545,-0.0217,-0.0262,0.0558,0.0643,0.051,0.0344,None
8.5399,-0.0960,-0.0255,0.0944,-0.0793,-0.0207,0.1455,-0.0444,-0.0072,0.0606,-0.0345,-0.0191,0.0539,-0.0225,-0.0263,0.0553,0.0644,0.079,0.0343,None
8.5532,-0.0976,-0.0253,0.0929,-0.0824,-0.0212,0.1426,-0.0453,-0.0070,0.0599,-0.0353,-0.0189,0.0533,-0.0232,-0.0262,0.0550,0.0645,0.079,0.0342,None
8.5674,-0.0996,-0.0248,0.0909,-0.0866,-0.0220,0.1372,-0.0465,-0.0067,0.0590,-0.0363,-0.0186,0.0527,-0.0243,-0.0259,0.0546,0.0645,0.093,0.0341,None
8.5813,-0.1013,-0.0252,0.0889,-0.0899,-0.0228,0.1330,-0.0477,-0.0067,0.0580,-0.0372,-0.0185,0.0520,-0.0251,-0.0257,0.0543,0.0646,0.090,0.0341,None
8.5949,-0.1030,-0.0262,0.0867,-0.0928,-0.0239,0.1296,-0.0488,-0.0071,0.0570,-0.0380,-0.0188,0.0513,-0.0259,-0.0257,0.0539,0.0646,0.102,0.0340,None
8.6088,-0.1049,-0.0267,0.0841,-0.0961,-0.0246,0.1262,-0.0502,-0.0073,0.0558,-0.0391,-0.0189,0.0504,-0.0270,-0.0258,0.0533,0.0646,0.110,0.0340,None
8.6229,-0.1069,-0.0273,0.0814,-0.0991,-0.0254,0.1227,-0.0515,-0.0076,0.0545,-0.0402,-0.0191,0.0495,-0.0281,-0.0259,0.0526,0.0646,0.107,0.0339,None
8.6370,-0.1086,-0.0265,0.0793,-0.1018,-0.0248,0.1202,-0.0527,-0.0072,0.0535,-0.0413,-0.0188,0.0486,-0.0293,-0.0257,0.0521,0.0646,0.096,0.0339,None
8.6504,-0.1096,-0.0259,0.0781,-0.1034,-0.0241,0.1188,-0.0534,-0.0069,0.0529,-0.0419,-0.0184,0.0482,-0.0300,-0.0253,0.0518,0.0646,0.053,0.0339,None
8.6647,-0.1101,-0.0253,0.0776,-0.1043,-0.0232,0.1180,-0.0537,-0.0064,0.0526,-0.0422,-0.0180,0.0481,-0.0303,-0.0249,0.0518,0.0645,0.022,0.0339,None
8.6783,-0.1110,-0.0241,0.0766,-0.1057,-0.0217,0.1169,-0.0543,-0.0057,0.0520,-0.0428,-0.0174,0.0478,-0.0309,-0.0243,0.0517,0.0645,0.052,0.0338,None
8.6920,-0.1118,-0.0230,0.0757,-0.1071,-0.0203,0.1156,-0.0549,-0.0051,0.0515,-0.0433,-0.0168,0.0475,-0.0315,-0.0237,0.0516,0.0644,0.050,0.0339,None
8.7066,-0.1119,-0.0222,0.0758,-0.1072,-0.0194,0.1155,-0.0549,-0.0047,0.0515,-0.0434,-0.0164,0.0476,-0.0316,-0.0233,0.0517,0.0644,0.023,0.0338,None
8.7199,-0.1122,-0.0223,0.0753,-0.1079,-0.0193,0.1147,-0.0552,-0.0046,0.0512,-0.0436,-0.0163,0.0474,-0.0318,-0.0231,0.0516,0.0643,0.018,0.0338,None
8.7345,-0.1123,-0.0226,0.0750,-0.1084,-0.0194,0.1141,-0.0554,-0.0047,0.0510,-0.0437,-0.0163,0.0473,-0.0318,-0.0231,0.0516,0.0642,0.016,0.0339,None
8.7480,-0.1122,-0.0234,0.0748,-0.1086,-0.0199,0.1137,-0.0557,-0.0052,0.0509,-0.0437,-0.0166,0.0473,-0.0318,-0.0231,0.0516,0.0641,0.037,0.0340,None
8.7614,-0.1121,-0.0241,0.0747,-0.1087,-0.0204,0.1135,-0.0558,-0.0057,0.0508,-0.0438,-0.0168,0.0473,-0.0318,-0.0232,0.0516,0.0638,0.031,0.0342,None
8.7761,-0.1123,-0.0254,0.0738,-0.1094,-0.0217,0.1123,-0.0563,-0.0065,0.0504,-0.0441,-0.0174,0.0469,-0.0320,-0.0237,0.0513,0.0636,0.043,0.0344,None
8.7897,-0.1126,-0.0266,0.0729,-0.1101,-0.0231,0.1106,-0.0568,-0.0073,0.0499,-0.0445,-0.0181,0.0466,-0.0324,-0.0241,0.0510,0.0634,0.047,0.0346,None
8.8039,-0.1127,-0.0282,0.0721,-0.1104,-0.0252,0.1075,-0.0572,-0.0083,0.0495,-0.0447,-0.0188,0.0462,-0.0325,-0.0247,0.0507,0.0631,0.054,0.0348,None
8.8172,-0.1129,-0.0306,0.0708,-0.1108,-0.0280,0.1040,-0.0577,-0.0097,0.0488,-0.0449,-0.0199,0.0457,-0.0326,-0.0254,0.0503,0.0630,0.096,0.0349,None
8.8308,-0.1130,-0.0332,0.0694,-0.1111,-0.0308,0.1009,-0.0582,-0.0111,0.0480,-0.0451,-0.0210,0.0452,-0.0328,-0.0262,0.0499,0.0628,0.097,0.0351,None
8.8446,-0.1150,-0.0349,0.0649,-0.1137,-0.0330,0.0938,-0.0599,-0.0123,0.0457,-0.0465,-0.0219,0.0433,-0.0343,-0.0269,0.0484,0.0626,0.161,0.0352,None
8.8584,-0.1166,-0.0369,0.0605,-0.1160,-0.0351,0.0871,-0.0615,-0.0135,0.0432,-0.0479,-0.0228,0.0413,-0.0358,-0.0277,0.0469,0.0624,0.148,0.0353,None
8.8726,-0.1180,-0.0385,0.0556,-0.1184,-0.0365,0.0780,-0.0634,-0.0144,0.0400,-0.0497,-0.0235,0.0388,-0.0378,-0.0282,0.0449,0.0616,0.145,0.0354,None
8.8861,-0.1195,-0.0409,0.0494,-0.1211,-0.0389,0.0701,-0.0652,-0.0158,0.0364,-0.0513,-0.0246,0.0359,-0.0396,-0.0292,0.0426,0.0612,0.196,0.0355,None
8.9002,-0.1202,-0.0435,0.0446,-0.1224,-0.0422,0.0644,-0.0662,-0.0177,0.0336,-0.0520,-0.0261,0.0336,-0.0405,-0.0305,0.0407,0.0608,0.159,0.0355,None
8.9140,-0.1205,-0.0462,0.0402,-0.1226,-0.0469,0.0604,-0.0665,-0.0202,0.0316,-0.0520,-0.0281,0.0320,-0.0405,-0.0321,0.0393,0.0605,0.174,0.0356,None
8.9277,-0.1203,-0.0498,0.0357,-0.1224,-0.0518,0.0563,-0.0666,-0.0230,0.0294,-0.0518,-0.0302,0.0304,-0.0404,-0.0336,0.0381,0.0603,0.179,0.0357,None
8.9421,-0.1200,-0.0535,0.0308,-0.1228,-0.0559,0.0511,-0.0670,-0.0253,0.0266,-0.0521,-0.0320,0.0282,-0.0408,-0.0351,0.0363,0.0601,0.184,0.0357,None
8.9558,-0.1195,-0.0570,0.0260,-0.1228,-0.0597,0.0461,-0.0672,-0.0275,0.0240,-0.0522,-0.0337,0.0261,-0.0411,-0.0365,0.0346,0.0600,0.185,0.0358,None
8.9697,-0.1197,-0.0586,0.0209,-0.1236,-0.0619,0.0406,-0.0678,-0.0289,0.0211,-0.0527,-0.0348,0.0237,-0.0419,-0.0375,0.0326,0.0598,0.169,0.0359,None
8.9835,-0.1199,-0.0596,0.0160,-0.1243,-0.0637,0.0355,-0.0682,-0.0301,0.0184,-0.0532,-0.0359,0.0214,-0.0426,-0.0387,0.0304,0.0596,0.162,0.0361,None
8.9977,-0.1191,-0.0619,0.0132,-0.1235,-0.0670,0.0326,-0.0679,-0.0322,0.0169,-0.0534,-0.0382,0.0199,-0.0424,-0.0405,0.0288,0.0593,0.099,0.0364,None
9.0113,-0.1174,-0.0653,0.0123,-0.1216,-0.0712,0.0318,-0.0682,-0.0364,0.0164,-0.0547,-0.0426,0.0200,-0.0434,-0.0444,0.0284,0.0572,0.156,0.0382,None
9.0253,-0.1159,-0.0683,0.0110,-0.1199,-0.0750,0.0306,-0.0692,-0.0414,0.0158,-0.0556,-0.0466,0.0198,-0.0441,-0.0480,0.0279,0.0541,0.235,0.0409,None
9.0392,-0.1134,-0.0722,0.0121,-0.1174,-0.0798,0.0323,-0.0691,-0.0462,0.0168,-0.0546,-0.0497,0.0206,-0.0433,-0.0508,0.0285,0.0516,0.185,0.0430,None
9.0529,-0.1125,-0.0736,0.0150,-0.1170,-0.0833,0.0361,-0.0687,-0.0489,0.0183,-0.0532,-0.0510,0.0214,-0.0418,-0.0518,0.0292,0.0503,0.148,0.0439,None
9.0671,-0.1131,-0.0727,0.0172,-0.1172,-0.0845,0.0378,-0.0683,-0.0496,0.0185,-0.0527,-0.0515,0.0216,-0.0413,-0.0522,0.0293,0.0504,0.197,0.0440,None
9.0809,-0.1143,-0.0710,0.0184,-0.1180,-0.0846,0.0380,-0.0684,-0.0498,0.0181,-0.0528,-0.0515,0.0212,-0.0414,-0.0522,0.0290,0.0505,0.198,0.0441,None
9.0948,-0.1149,-0.0700